Position,Full_name,Gender,Date_Of_Birth,Country,Card_Type,Balance,Mortgage,Car_maker
1,Ailbert Garmans,Male,1/2/1985,Brazil,jcb,$74034.31,true,Jeep
2,Gabi Smitham,Male,7/9/1975,Argentina,jcb,$25044.84,false,Porsche
3,Sanson De Cristoforo,Male,11/5/1993,Finland,jcb,$22464.38,true,Jaguar
4,Jerrome Portingale,Male,5/6/1974,Netherlands,jcb,$13440.41,true,GMC
5,Anson McQuin,Male,3/5/1990,Armenia,jcb,$22977.63,false,Porsche
6,Georgena Adlem,Female,2/28/1976,Sweden,jcb,$82482.72,false,Acura
7,Jeanie Whitlaw,Female,6/6/1983,Portugal,jcb,$27783.66,false,Subaru
8,Bourke Hanbury-Brown,Male,11/21/1994,Russia,switch,$12891.72,false,Subaru
9,Gibb Monard,Male,9/27/1988,Philippines,jcb,$84656.97,false,Scion
10,Katharina Sharplin,Female,12/25/1981,Philippines,china-unionpay,$86298.38,true,Geo
11,Krysta Wickham,Female,3/22/1979,Russia,jcb,$19145.26,true,Porsche
12,Holli Skidmore,Female,5/25/1998,Philippines,maestro,$58819.51,true,Cadillac
13,Casper Curnokk,Male,9/1/2000,Japan,jcb,$68822.92,false,Chrysler
14,Rockey Blanko,Male,12/22/1981,China,instapayment,$62011.35,false,Audi
15,Fairlie Ovett,Male,5/9/1979,China,diners-club-carte-blanche,$91936.51,false,Lexus
16,Dev Janeczek,Male,12/13/1979,China,jcb,$35503.51,false,BMW
17,Tucker Bradforth,Male,6/16/1993,United States,bankcard,$83059.32,true,Mitsubishi
18,Kale Crocket,Male,4/5/1971,Saint Kitts and Nevis,jcb,$80880.54,false,Honda
19,Valentino Emslie,Male,3/5/1982,Portugal,mastercard,$34632.40,false,Ram
20,Lorens Bourgourd,Male,11/22/1977,Portugal,visa-electron,$16922.01,true,Buick
21,Daryl Sharvill,Female,3/15/1981,United States,bankcard,$61749.68,true,Honda
22,Brittne Nicklinson,Female,6/12/1996,Russia,switch,$16907.33,true,Chevrolet
23,Stearne Glasser,Male,5/15/1977,France,jcb,$21887.42,true,Infiniti
24,Rudyard Antoszczyk,Male,11/25/1977,China,mastercard,$13119.41,true,Volvo
25,Maiga Vlasenko,Female,3/21/1988,Burundi,maestro,$64235.10,false,Ford
26,Babette Guitte,Female,6/19/1979,Iran,maestro,$44072.99,false,Honda
27,Rozina Ateggart,Female,3/26/1976,Portugal,jcb,$59493.96,false,Chevrolet
28,Gray Wickins,Female,7/12/1996,Nigeria,visa,$70427.41,false,Ford
29,Bear Meardon,Male,12/1/1990,Saudi Arabia,jcb,$43068.65,false,Saab
30,Abrahan Decaze,Male,2/13/1991,Philippines,mastercard,$32732.66,true,Mazda
31,Wake McKall,Male,7/22/1980,Indonesia,jcb,$16432.45,true,Rambler
32,Duffy Raun,Male,9/12/1981,China,maestro,$69564.89,true,Mercedes-Benz
33,Gratia Tirrey,Female,2/6/1995,Paraguay,jcb,$61939.93,true,Chevrolet
34,Rinaldo Markl,Male,7/7/1981,Nepal,jcb,$39325.07,true,Holden
35,Barbi Immings,Female,10/9/1971,China,switch,$64556.29,false,Ford
36,Bev Randle,Male,10/29/1980,Spain,jcb,$24082.50,false,Subaru
37,Timmy Good,Female,12/10/1993,Morocco,jcb,$52560.46,false,Mercury
38,Maura Alvy,Female,12/14/1974,Indonesia,jcb,$19940.12,true,Chevrolet
39,Hercules Murney,Male,11/13/1973,Indonesia,switch,$88049.70,false,GMC
40,Alard Lowcock,Male,4/6/1976,Russia,jcb,$13652.54,false,Toyota
41,Nikaniki Mandy,Female,2/12/1983,Sweden,mastercard,$87316.98,true,Hyundai
42,Flss Musslewhite,Female,9/13/1985,Colombia,diners-club-carte-blanche,$349.22,false,Audi
43,Alvis Coupe,Male,8/24/1995,Uganda,jcb,$83509.66,false,Cadillac
44,Meaghan Van der Son,Female,6/25/1999,Thailand,china-unionpay,$41116.95,false,Dodge
45,Inesita Rantoul,Female,5/6/1996,Netherlands,jcb,$62416.72,false,Audi
46,Daria Saura,Female,11/18/2000,China,diners-club-enroute,$24643.64,false,Mitsubishi
47,Claus Brewin,Male,2/16/1987,China,diners-club-us-ca,$16549.46,true,Pontiac
48,Anselma Van T'Hoog,Female,9/26/1994,Russia,visa-electron,$68865.72,true,Jaguar
49,Delia Warre,Female,11/20/2000,Syria,americanexpress,$93137.60,true,Acura
50,Whitaker Goodright,Male,4/1/1977,Indonesia,mastercard,$97319.01,true,Lexus
51,Vin Leathem,Male,4/2/1975,China,diners-club-enroute,$25228.98,false,Chevrolet
52,Bliss Dibsdale,Female,5/4/1990,Russia,jcb,$44247.03,false,Lexus
53,Jillian Levin,Female,12/31/1993,Chile,bankcard,$35131.29,false,Mercedes-Benz
54,Benson Wellan,Male,10/26/1999,Argentina,switch,$67717.67,false,Lincoln
55,Patin Hapgood,Male,2/23/1976,Indonesia,jcb,$42102.23,true,Volkswagen
56,Quentin Beckitt,Male,7/28/1996,Brazil,jcb,$65312.98,false,Toyota
57,Nancee Cooley,Female,2/25/1988,Indonesia,laser,$81231.25,true,Volkswagen
58,Klarrisa M'Quharge,Female,1/22/1996,China,jcb,$24925.83,false,Chevrolet
59,Alta Hinstridge,Female,10/15/1985,Denmark,jcb,$32889.73,false,Pontiac
60,Chicky Giacovetti,Female,1/4/1996,Portugal,switch,$587.54,false,GMC
61,Helsa Mylchreest,Female,12/4/1991,Afghanistan,mastercard,$8824.47,false,Mercedes-Benz
62,Bessie Feaks,Female,2/9/1982,Poland,jcb,$48821.85,true,Ford
63,Juditha Helix,Female,9/14/1986,Canada,jcb,$97962.63,false,Subaru
64,Rochelle Heazel,Female,8/17/1995,Sweden,jcb,$98807.52,false,Chevrolet
65,Georgine Bleackly,Female,3/22/1976,Poland,diners-club-international,$37874.47,false,GMC
66,John Loade,Male,2/7/1985,Indonesia,mastercard,$1518.42,true,Dodge
67,Ilsa Rushsorth,Female,1/1/1986,France,maestro,$37155.11,false,Mitsubishi
68,Artus Chiddy,Male,10/8/1973,Philippines,mastercard,$51191.64,false,Mercedes-Benz
69,Obadiah Murphy,Male,8/30/1984,China,visa,$91248.34,false,Mercedes-Benz
70,Cari Jeandel,Female,8/9/1991,Ukraine,china-unionpay,$24493.68,true,Pontiac
71,Myrtie Bang,Female,3/13/1982,China,maestro,$66783.10,false,Aston Martin
72,Ambros Shimoni,Male,11/16/2000,Ethiopia,diners-club-us-ca,$11000.13,false,Infiniti
73,Ethan Kretchmer,Male,4/20/2000,Sweden,china-unionpay,$82568.60,false,Subaru
74,Robb Neaves,Male,3/24/1973,Indonesia,jcb,$57844.65,false,Volkswagen
75,Martie Cubbit,Female,8/21/1989,Honduras,jcb,$97432.04,false,GMC
76,Burtie Leser,Male,3/28/1974,Poland,switch,$39013.19,false,Chevrolet
77,Job Doudney,Male,11/27/1979,Nicaragua,jcb,$16061.47,true,Isuzu
78,Constancia Dyson,Female,4/30/1980,Sweden,jcb,$20270.26,true,Hyundai
79,Shawnee Yakubovics,Female,1/8/1980,Portugal,solo,$72478.25,true,Acura
80,Guss Gittoes,Male,4/6/1975,China,jcb,$40725.50,true,Buick
81,Bobine Overshott,Female,5/14/1997,Philippines,jcb,$39028.32,false,Pontiac
82,Thorsten Giorgio,Male,8/7/1975,France,bankcard,$95979.76,false,Infiniti
83,Libbi Bettinson,Female,11/2/1987,China,americanexpress,$27185.00,true,Saab
84,Mal Leere,Male,3/20/1990,Mexico,china-unionpay,$52441.61,false,Suzuki
85,Egon Rosewall,Male,3/15/2000,Spain,diners-club-enroute,$90126.97,false,Chevrolet
86,Irving Rourke,Male,3/11/1988,Costa Rica,diners-club-international,$57306.98,false,GMC
87,Lea Recher,Female,9/23/1991,China,jcb,$67629.96,true,Buick
88,Normie Gytesham,Male,11/17/1992,Portugal,jcb,$70723.58,false,Lincoln
89,Godart Franzke,Male,11/15/1997,Indonesia,mastercard,$87478.60,true,Mitsubishi
90,Ailyn Keiling,Female,1/29/1985,China,jcb,$44651.54,true,Volkswagen
91,Nathaniel Adelsberg,Male,12/9/1986,China,americanexpress,$40847.89,false,Subaru
92,Madel Handscomb,Female,7/4/1996,Greece,americanexpress,$72556.94,false,Saab
93,Gennifer Fretter,Female,4/28/1973,Serbia,diners-club-us-ca,$76912.53,true,Chevrolet
94,Lee Hayler,Female,1/10/1982,Indonesia,jcb,$82088.95,false,Chevrolet
95,Jeanine Iiannoni,Female,3/20/1975,China,jcb,$85854.93,false,Acura
96,Dieter Grzelczyk,Male,2/22/1978,China,china-unionpay,$93468.18,true,Jeep
97,Zora Ragat,Female,9/9/1998,Russia,instapayment,$41885.89,false,Nissan
98,Jenn Beney,Female,7/22/1977,Ivory Coast,laser,$50805.00,false,Pontiac
99,Filia Tomowicz,Female,3/15/1980,China,jcb,$88911.25,false,Mercury
100,Alie Dowry,Female,4/18/1977,Bangladesh,jcb,$64076.19,true,Mercury
101,Zebedee Ambrogio,Male,7/25/1983,Russia,jcb,$41106.01,false,Land Rover
102,Oriana Diggons,Female,12/2/1978,Russia,jcb,$4844.42,true,Scion
103,Ramsey McDuffie,Male,4/7/1987,Chile,mastercard,$53499.34,false,Mitsubishi
104,Benji Shalloo,Male,10/22/2000,Portugal,jcb,$50083.04,false,Volvo
105,Patric Dalligan,Male,11/21/1983,France,laser,$65174.54,false,Mazda
106,Trude Pickin,Female,11/27/1978,Ethiopia,maestro,$2500.20,true,Dodge
107,Romola Hallsworth,Female,5/5/1972,Tanzania,jcb,$55657.39,false,Lamborghini
108,Layton Dack,Male,7/10/1993,Colombia,jcb,$14602.85,true,Dodge
109,Catha Tritten,Female,3/29/1989,Russia,visa,$73882.12,false,Isuzu
110,Katusha Pittendreigh,Female,7/17/1987,Greece,jcb,$79832.04,true,BMW
111,Alfie Revington,Male,2/14/1977,Sweden,jcb,$95201.98,true,Ford
112,Jud Tanslie,Male,4/21/1972,Mayotte,switch,$32449.39,true,Ford
113,Conn Blucher,Male,9/1/1992,Indonesia,visa-electron,$66087.43,false,GMC
114,Gates Ireson,Female,3/19/1992,Ukraine,china-unionpay,$28416.93,false,Volvo
115,Elfreda Gouldthorpe,Female,8/2/1985,Mongolia,china-unionpay,$89403.28,false,Subaru
116,Beau O'Shee,Male,5/19/1990,France,switch,$28413.79,false,Lotus
117,Marian Baston,Female,8/25/1988,Afghanistan,diners-club-carte-blanche,$39079.74,false,Chevrolet
118,Barbara Gilks,Female,10/28/1996,France,diners-club-enroute,$26677.34,false,Studebaker
119,Vassily Staton,Male,4/2/1979,China,diners-club-enroute,$65942.49,false,Subaru
120,Gottfried Skocroft,Male,3/8/1973,Philippines,mastercard,$26006.40,true,Ford
121,Roman MacGeaney,Male,11/4/1982,Russia,jcb,$18617.00,false,Mazda
122,Dona Vinden,Female,9/10/1976,Norway,diners-club-carte-blanche,$12505.06,true,Dodge
123,Jodie Peterffy,Male,9/30/1974,Finland,jcb,$77178.15,false,Toyota
124,Eydie Jenner,Female,1/31/1994,Armenia,jcb,$47096.56,true,Mazda
125,Inga Kenwin,Female,6/4/1971,China,china-unionpay,$94065.84,true,Pontiac
126,Warden Ferrandez,Male,5/26/1993,Jordan,jcb,$95302.56,true,Mazda
127,Bobby Pascoe,Female,10/2/1982,Sweden,jcb,$42323.35,false,Ford
128,Bethena Craufurd,Female,5/2/1996,Poland,jcb,$4074.05,true,Pontiac
129,Tabbitha Errichiello,Female,10/6/1997,Brazil,visa-electron,$30493.77,true,Audi
130,Catlin Hughson,Female,7/17/1988,Indonesia,maestro,$67333.48,false,Buick
131,Fae Kitter,Female,11/8/1977,South Sudan,mastercard,$40075.07,false,Ferrari
132,Emmott Olwen,Male,11/25/1997,Venezuela,jcb,$4089.50,true,Toyota
133,Bird Harrad,Female,3/6/1985,China,jcb,$57787.94,true,Pontiac
134,Brion Bowcher,Male,1/19/1997,Argentina,jcb,$27406.91,false,Lamborghini
135,Briana Leete,Female,3/17/1976,Brazil,jcb,$3698.25,true,Pontiac
136,Josee Habeshaw,Female,2/28/1991,Indonesia,visa,$70404.74,true,Dodge
137,Pamela Mafham,Female,9/21/1998,Peru,diners-club-us-ca,$24603.10,false,Volkswagen
138,Brent Sisse,Male,11/29/1992,Indonesia,jcb,$86427.45,false,Lincoln
139,Ivie Meaker,Female,11/24/1990,Russia,jcb,$33763.70,true,Cadillac
140,Laney Monroe,Female,9/10/1999,China,bankcard,$97998.50,false,Lincoln
141,Ave Hayford,Male,12/5/2000,Norway,americanexpress,$70322.66,false,Toyota
142,Palm Manns,Male,1/1/1972,Ireland,maestro,$5391.97,true,Volkswagen
143,Melantha Treweek,Female,1/5/1995,China,jcb,$71765.95,true,Chevrolet
144,Barret Ponder,Male,8/2/1977,El Salvador,china-unionpay,$47406.33,true,Ford
145,Woodrow Schnitter,Male,5/30/1994,Estonia,jcb,$62732.12,true,Chevrolet
146,Earlie Salt,Male,12/14/1975,China,jcb,$15055.21,true,Chevrolet
147,Philip Exell,Male,11/15/1987,France,mastercard,$68489.43,false,Isuzu
148,Parrnell Faye,Male,4/12/1987,Brazil,maestro,$31527.46,true,Mazda
149,Anton Thominga,Male,10/25/1994,Brazil,diners-club-enroute,$53652.03,true,Pontiac
150,Pernell Djordjevic,Male,10/21/1971,China,jcb,$62378.99,true,Lexus
151,Terrijo Rosenfield,Female,1/30/1980,Albania,jcb,$72250.48,false,Lexus
152,Melloney Pohlak,Female,3/24/1980,Bangladesh,mastercard,$5951.96,false,Chevrolet
153,Richmond Hess,Male,9/4/1991,United States,jcb,$67089.67,false,Pontiac
154,Anjela Skirven,Female,12/30/1972,Guatemala,jcb,$44994.70,true,Chevrolet
155,Taddeo Losebie,Male,5/14/2000,United States,jcb,$31017.53,true,Acura
156,Genevra Fleis,Female,9/5/1986,Indonesia,jcb,$61310.80,true,Dodge
157,Moira Incogna,Female,11/16/1999,Ukraine,visa-electron,$16354.55,false,Toyota
158,Harlin Matys,Male,11/24/1971,France,solo,$44601.68,true,Isuzu
159,Thaxter Eyckelbeck,Male,6/29/1984,Sweden,mastercard,$63749.40,false,Chevrolet
160,Dionne Mitham,Female,1/6/1993,Japan,maestro,$4545.95,false,Mazda
161,Hamilton Addinall,Male,6/2/1973,Philippines,jcb,$14352.33,false,Mercedes-Benz
162,Edi Gors,Female,5/2/1976,Samoa,solo,$90394.49,false,Mitsubishi
163,Spenser Gilstin,Male,2/27/1984,China,diners-club-enroute,$60452.36,false,Ford
164,Phaedra Mephan,Female,12/12/1986,Italy,visa,$10024.16,true,Toyota
165,Herbie Somerscales,Male,5/26/1998,France,diners-club-carte-blanche,$44475.55,false,Chevrolet
166,Buddy Hulburt,Male,5/19/1982,Venezuela,mastercard,$99613.82,false,Ford
167,Osbourn Bulle,Male,11/27/1971,Argentina,china-unionpay,$25085.39,true,Toyota
168,Milty Francis,Male,2/5/1988,Czech Republic,mastercard,$99094.11,false,Pontiac
169,Rasia Vallentin,Female,11/9/1976,Vietnam,mastercard,$23652.70,false,Porsche
170,Rickie Windus,Female,12/4/1977,China,bankcard,$66258.28,true,BMW
171,Clemmie Stilly,Female,11/22/1973,Canada,jcb,$86527.14,true,Buick
172,Cash Goodere,Male,4/1/1979,China,jcb,$4175.01,true,Cadillac
173,Misti O'Tierney,Female,10/1/1980,Russia,laser,$72052.79,false,Plymouth
174,Elyse Sekulla,Female,11/6/1984,Argentina,diners-club-enroute,$59508.98,false,Nissan
175,Brianna Punchard,Female,7/19/1989,Brazil,mastercard,$92740.25,false,Alfa Romeo
176,Freda Furmage,Female,10/9/1988,Thailand,diners-club-enroute,$4815.01,true,Honda
177,Fallon Philpot,Female,7/28/1995,China,jcb,$99901.46,false,Aston Martin
178,Tate Gitting,Female,3/17/1983,Hungary,jcb,$26632.32,false,Plymouth
179,Marcia Jansen,Female,1/12/1984,Portugal,jcb,$84671.02,false,Spyker
180,Imogene Welfair,Female,9/30/1996,Indonesia,jcb,$24557.59,false,Merkur
181,Corabel Bartoleyn,Female,9/30/1972,Indonesia,jcb,$795.53,false,GMC
182,Emmy Emmines,Female,5/19/1980,China,visa,$46216.17,false,Chrysler
183,Trula Biggin,Female,10/8/1980,China,maestro,$67068.25,false,Buick
184,Alphonse Harsent,Male,4/9/1976,China,mastercard,$73363.92,true,Subaru
185,Dagny Anthony,Male,7/29/1991,Egypt,americanexpress,$76197.15,true,Chevrolet
186,Garik Hanham,Male,7/10/1976,China,mastercard,$79169.17,false,Chevrolet
187,Bertrando Braban,Male,2/10/1988,Vietnam,jcb,$40467.77,false,Acura
188,Mirabel Rhodes,Female,6/23/1991,Portugal,jcb,$44196.22,false,Saab
189,Claire Paskerful,Female,8/20/1982,Brazil,jcb,$25293.83,false,Honda
190,Rip Matzen,Male,2/16/1987,China,china-unionpay,$98211.70,false,Chevrolet
191,Ruthe Pettengell,Female,8/9/1979,China,switch,$41439.40,true,Dodge
192,Anny Lamy,Female,9/5/1996,Indonesia,bankcard,$43464.58,true,Jaguar
193,Polly Ambrosoni,Female,7/24/1975,Mexico,jcb,$99985.57,true,Aston Martin
194,Dona Garter,Female,6/18/1980,Poland,visa-electron,$87392.73,true,Pontiac
195,Joanna Mennell,Female,2/12/1979,Thailand,americanexpress,$67021.53,false,Chrysler
196,Maison Cridlin,Male,8/10/1982,Sri Lanka,solo,$75525.87,true,Pontiac
197,Carolynn Frankowski,Female,4/18/1982,Peru,maestro,$53302.11,true,Subaru
198,Jessee Raleston,Male,7/7/1999,Philippines,instapayment,$18565.20,false,Mitsubishi
199,Eamon Pickwell,Male,11/18/1983,United States,jcb,$19803.74,true,Cadillac
200,Wally Blenkensop,Female,6/29/1983,Jordan,maestro,$53766.23,false,Lincoln
201,Lindi Daffern,Female,9/24/1974,China,visa-electron,$89637.63,true,Mazda
202,Hyatt Joyner,Male,10/20/1984,Syria,jcb,$60136.71,false,Ford
203,Marjie Eakens,Female,7/15/1985,Philippines,visa,$13883.28,true,Honda
204,Booth Baildon,Male,12/5/1996,China,jcb,$17360.76,false,Saab
205,Arleyne Eslemont,Female,9/17/1995,Kenya,jcb,$36911.06,false,Volkswagen
206,Iseabal Burkhill,Female,8/16/1975,Costa Rica,americanexpress,$78516.05,false,Nissan
207,Issi Seward,Female,4/23/1990,Russia,jcb,$53258.25,true,BMW
208,Aland Dibdall,Male,9/7/1999,China,jcb,$80066.90,false,Lincoln
209,Syd Chipps,Male,4/24/1992,Mexico,jcb,$69979.37,true,Nissan
210,Marty Bradnocke,Male,10/7/1981,Indonesia,americanexpress,$77482.06,false,Acura
211,Terry MacBrearty,Female,8/31/1973,Netherlands,mastercard,$9202.61,false,Mercury
212,Wrennie Heggison,Female,5/30/1989,Peru,jcb,$63129.40,true,Scion
213,Saraann Blick,Female,12/14/1992,Albania,china-unionpay,$12494.72,false,Saturn
214,Culley Pyecroft,Male,5/9/1980,Bulgaria,jcb,$48456.57,false,GMC
215,Farica Duddy,Female,9/3/1999,Indonesia,jcb,$21781.64,false,Kia
216,Jilli Medcalf,Female,9/25/1974,Poland,china-unionpay,$50696.58,true,Plymouth
217,Gwendolyn Letty,Female,5/1/1976,Russia,jcb,$58205.33,false,Infiniti
218,Osmund Gerold,Male,12/25/1974,Bosnia and Herzegovina,jcb,$52402.85,true,Maserati
219,Lilias Tame,Female,12/24/1994,Czech Republic,jcb,$19895.89,false,Oldsmobile
220,Avis Brodbin,Female,10/9/1975,Uruguay,jcb,$64264.01,false,Acura
221,Zebulen Barsham,Male,10/30/1996,Russia,switch,$7872.79,true,GMC
222,Johannah Drewett,Female,11/7/1972,Kyrgyzstan,jcb,$60662.83,true,Volvo
223,Tomaso Jayme,Male,2/1/1977,China,visa-electron,$8010.21,true,Suzuki
224,Ax Phelps,Male,10/13/1977,Argentina,mastercard,$55354.38,false,Nissan
225,Barn McQuode,Male,4/25/1983,Portugal,jcb,$20127.35,false,Cadillac
226,Cello Spon,Male,9/24/1981,Indonesia,solo,$5840.32,true,Land Rover
227,Lucilia Tidmarsh,Female,3/4/1998,Mali,diners-club-carte-blanche,$23459.22,true,Honda
228,Jodi Rolstone,Male,10/17/1978,Iran,visa,$19823.85,true,Volkswagen
229,Hewitt Coltan,Male,10/3/1973,Finland,instapayment,$64493.47,false,Lotus
230,Garrett Cowpe,Male,10/13/1980,Thailand,switch,$94415.93,true,Jaguar
231,Koenraad Spandley,Male,9/22/1996,Indonesia,instapayment,$21450.83,true,Dodge
232,Celina Brand,Female,7/27/1992,China,visa-electron,$74892.96,true,Honda
233,Cassandre Altimas,Female,4/7/1971,Indonesia,visa,$69336.32,true,BMW
234,Paddy Colthard,Male,12/31/1996,Russia,switch,$81992.58,true,Hyundai
235,Ripley Cordelle,Male,11/24/1990,Indonesia,diners-club-us-ca,$40120.19,false,BMW
236,Elton Cometti,Male,8/10/1980,Estonia,visa-electron,$79958.73,true,Subaru
237,Anette Craise,Female,5/26/1993,China,diners-club-us-ca,$50192.82,true,Chevrolet
238,Shermy Wrout,Male,2/26/1980,China,diners-club-us-ca,$71322.30,true,Volkswagen
239,Mirabella Braxton,Female,2/8/1982,United States,jcb,$1843.91,false,Honda
240,Alano Drewett,Male,2/21/1979,Peru,americanexpress,$22617.09,false,Honda
241,Erich Haggarth,Male,9/27/1991,South Africa,jcb,$20205.26,false,Dodge
242,Yvor Levee,Male,2/12/1983,France,switch,$576.92,false,Nissan
243,Patrice Macak,Male,4/17/1998,Comoros,visa,$91365.97,false,Buick
244,Gilberte Udey,Female,6/24/1995,France,americanexpress,$88462.34,true,Mazda
245,Henryetta Ilyasov,Female,2/9/1980,Sweden,bankcard,$23460.96,true,Honda
246,Bendick Gleave,Male,8/20/2000,France,jcb,$40088.21,true,Chevrolet
247,Kala Tordiffe,Female,11/12/1990,Indonesia,jcb,$11876.55,false,Ford
248,Adelice Nodin,Female,10/14/1997,Poland,jcb,$61045.93,false,Honda
249,Abigael Webb-Bowen,Female,3/13/1986,Brazil,mastercard,$83556.14,true,Dodge
250,Adore Gemson,Female,6/26/1988,China,mastercard,$71352.97,true,Dodge
251,Mallory Getten,Male,4/4/1990,South Africa,visa-electron,$65484.25,true,Ford
252,Bertrando Jerram,Male,6/26/2000,Russia,jcb,$89809.13,true,Lincoln
253,Brynne Wardingly,Female,1/28/1987,China,maestro,$18083.17,true,Volkswagen
254,Dela Callway,Female,8/1/1971,Nigeria,jcb,$60753.99,true,Audi
255,Mattie Bulcroft,Male,1/15/1973,Indonesia,mastercard,$38051.07,false,Chevrolet
256,Anjela Nehl,Female,6/12/1981,Dominican Republic,diners-club-enroute,$24313.83,true,Ford
257,Rodina Lengthorn,Female,10/24/1995,China,diners-club-us-ca,$42801.74,false,Toyota
258,Mordy Moar,Male,11/11/1974,Poland,jcb,$13642.12,true,Volvo
259,Nikola Lemmanbie,Male,10/7/1981,Peru,jcb,$43854.63,false,Ford
260,Cori Fenelon,Male,1/13/1973,Indonesia,jcb,$56521.20,false,Chevrolet
261,Ogdan Terbrug,Male,11/25/2000,China,jcb,$58586.87,true,Dodge
262,Malynda Gait,Female,2/14/1976,China,diners-club-enroute,$42875.62,false,Subaru
263,Geneva Eliez,Female,6/4/1986,Bulgaria,jcb,$35919.82,true,GMC
264,Lynna Lewton,Female,9/6/1984,Portugal,maestro,$56021.34,true,Chevrolet
265,Malina Iltchev,Female,6/18/1972,Honduras,jcb,$80631.18,false,Dodge
266,Kaylee Leverentz,Female,8/28/1985,Mali,jcb,$13932.11,true,Dodge
267,Tamarra Halpin,Female,11/16/1995,Guatemala,americanexpress,$7608.58,false,Mercury
268,King O'Brien,Male,4/8/1989,Philippines,visa-electron,$78569.79,true,Chevrolet
269,Flossie Brockhouse,Female,8/11/1985,Ireland,diners-club-carte-blanche,$83598.15,true,Ford
270,Octavia Deppe,Female,12/11/1996,Mexico,maestro,$56153.59,false,Pontiac
271,Sheffie Cicco,Male,3/8/1982,Bulgaria,diners-club-enroute,$40613.85,false,Pontiac
272,Lacee Climie,Female,7/18/1982,Philippines,jcb,$8468.96,false,Pontiac
273,Eveleen Houtbie,Female,11/8/1987,Japan,mastercard,$4421.95,true,Saturn
274,Alfredo Tallboy,Male,1/23/1973,Brazil,visa-electron,$93941.73,true,GMC
275,Fedora Calverley,Female,11/11/1990,Nigeria,diners-club-enroute,$26786.32,true,Suzuki
276,Casie Evesque,Female,7/10/1986,Indonesia,jcb,$35381.76,false,Hyundai
277,Even Bolland,Male,9/30/1973,Indonesia,diners-club-enroute,$76694.63,true,Mercedes-Benz
278,Paulita Maple,Female,7/6/1985,China,jcb,$17488.65,false,Ford
279,Aindrea Tatum,Female,12/2/1985,Portugal,jcb,$1699.13,false,Lexus
280,Tudor Pond-Jones,Male,9/3/1978,China,visa-electron,$79149.83,false,Lexus
281,Edmon Cicerone,Male,6/22/1980,Greece,jcb,$60501.59,false,Ford
282,Elaina Bresland,Female,11/9/1977,Ukraine,jcb,$32736.41,true,Cadillac
283,Royall Biddles,Male,6/21/1987,Portugal,mastercard,$10258.06,false,Pontiac
284,Penn Fasler,Male,9/9/1999,Argentina,jcb,$68055.21,true,Pontiac
285,Say Chessun,Male,7/12/1997,Indonesia,jcb,$5823.49,true,Hyundai
286,Charmain Eidelman,Female,7/10/1983,Niger,switch,$57457.23,true,Isuzu
287,Helsa Brosini,Female,8/30/1981,China,jcb,$11060.12,true,Scion
288,Laverne Houseago,Female,6/2/1992,China,maestro,$52586.35,false,Ford
289,Gardy Kennicott,Male,4/5/1979,Brazil,laser,$82105.45,true,Acura
290,Mala Dryden,Female,8/3/1972,South Africa,jcb,$97816.95,false,Volkswagen
291,Mehetabel Jeffery,Female,3/23/1978,China,visa-electron,$17561.67,false,Mitsubishi
292,Audre Reston,Female,1/5/1972,French Guiana,jcb,$10699.07,true,Toyota
293,Cass De Cleyne,Male,8/2/1979,Canada,jcb,$25488.29,false,Acura
294,Sophi Tamlett,Female,10/19/1979,Indonesia,visa,$61595.89,true,Honda
295,Pancho Bladen,Male,12/26/1980,Ukraine,visa,$97894.06,false,Porsche
296,Kaila Tilsley,Female,4/19/1989,Japan,mastercard,$25962.59,false,Maserati
297,Armin Surphliss,Male,3/17/1994,South Korea,visa-electron,$882.45,false,Lincoln
298,Ewen Toe,Male,10/4/1999,Czech Republic,jcb,$94908.24,true,BMW
299,Flor Ghidotti,Female,8/1/1971,Philippines,visa-electron,$80092.10,false,Volkswagen
300,Melvin Kirmond,Male,3/2/1997,France,switch,$64299.23,false,Honda
301,Carlyle Dopson,Male,2/11/1975,Argentina,mastercard,$40568.61,false,Plymouth
302,Kelly Pigdon,Male,10/31/1993,Indonesia,solo,$40622.22,true,Mercedes-Benz
303,Nahum Kealey,Male,10/21/1974,Portugal,jcb,$83468.32,true,Lincoln
304,Kahaleel Lenihan,Male,4/14/1989,Norway,mastercard,$18984.87,false,Porsche
305,Abigail Radborn,Female,1/25/1993,China,switch,$52081.07,false,Pontiac
306,Kizzee Pinfold,Female,12/16/1994,Brazil,switch,$75293.74,false,Ford
307,Merle Debill,Male,4/2/1996,China,maestro,$32615.53,true,Toyota
308,Nataniel McGilben,Male,6/10/1975,China,jcb,$55840.88,false,BMW
309,Saidee Forten,Female,2/18/1978,Sweden,jcb,$51518.06,true,Chevrolet
310,Early Jex,Male,9/9/1978,United States,jcb,$19860.82,false,Ford
311,Maribeth Kerrey,Female,1/4/1984,Belarus,jcb,$7487.34,false,Lexus
312,Lemmie Bottomore,Male,10/10/1988,Tanzania,maestro,$86111.45,true,Hyundai
313,Janela Darington,Female,4/5/1971,China,jcb,$47034.28,true,Chevrolet
314,Adorne Cunde,Female,3/25/1977,France,diners-club-carte-blanche,$77590.39,true,Mitsubishi
315,Ola Lindemann,Female,4/28/1984,Colombia,jcb,$12466.35,true,Suzuki
316,Reeba Farris,Female,1/7/1995,China,bankcard,$48001.08,false,Dodge
317,Donaugh Emmatt,Male,2/5/1997,Ireland,china-unionpay,$95221.17,false,Mitsubishi
318,Suzann Vasyukhichev,Female,10/18/1977,Japan,jcb,$21547.29,true,Chrysler
319,Zaccaria Senner,Male,3/21/1991,Bangladesh,diners-club-enroute,$56497.52,false,Lamborghini
320,Cole Barfitt,Male,2/25/1973,China,diners-club-enroute,$46955.24,false,Chevrolet
321,Alva Egan,Male,9/3/1989,Portugal,mastercard,$63954.82,true,Pontiac
322,Sawyere Robardey,Male,1/9/1996,Afghanistan,jcb,$21757.75,false,Pontiac
323,Marylou Phillpot,Female,10/17/1995,Thailand,visa-electron,$67098.05,false,Lincoln
324,Joyann O'Lennachain,Female,12/10/1998,Portugal,diners-club-us-ca,$83897.39,true,Saturn
325,Baxter Dalmon,Male,7/3/1985,China,visa-electron,$84301.73,true,Toyota
326,Kitty McDuffie,Female,10/16/1976,Brazil,jcb,$84076.56,false,Hyundai
327,Glenn Grindell,Female,4/23/1985,Democratic Republic of the Congo,jcb,$33237.34,false,Cadillac
328,Aksel Carnduff,Male,10/10/1985,El Salvador,maestro,$8621.69,true,Toyota
329,Myrta Arntzen,Female,3/30/1994,China,jcb,$7521.53,false,Dodge
330,Denice Tubby,Female,5/31/1995,Sweden,jcb,$90468.52,true,Cadillac
331,Tabitha O' Donohoe,Female,12/13/1981,Zambia,diners-club-us-ca,$69881.89,false,Volvo
332,Odelle Lambshine,Female,7/21/1977,Philippines,jcb,$65510.38,false,Infiniti
333,Elton Chatburn,Male,5/16/1973,Japan,bankcard,$98760.26,false,Chevrolet
334,Aryn Carlsen,Female,3/12/1989,Indonesia,jcb,$73020.49,false,Aston Martin
335,Thorpe Bardell,Male,1/17/1992,China,jcb,$89965.05,false,Chevrolet
336,Shane Avramovic,Female,10/20/1983,Russia,jcb,$44091.30,false,Land Rover
337,Rosemary Ortiger,Female,8/26/1990,France,maestro,$90439.61,true,Toyota
338,Lacy Muckloe,Female,9/21/1985,China,jcb,$8097.46,false,Dodge
339,Phil McTerrelly,Male,4/2/1980,Sweden,visa-electron,$35578.07,false,Isuzu
340,Karie Daveran,Female,7/25/1988,Argentina,switch,$71459.93,false,Hyundai
341,Terry Letchford,Female,8/31/1988,South Africa,jcb,$94817.75,false,Volvo
342,Desmund Spybey,Male,12/28/1982,Indonesia,laser,$58547.07,false,Lincoln
343,Olimpia Pumphreys,Female,3/28/1974,United States,visa-electron,$63305.27,false,Acura
344,Kelly Davidsen,Male,3/27/1972,China,jcb,$93634.86,true,Lexus
345,Sammy Bowkett,Male,3/7/1992,Indonesia,instapayment,$21259.29,true,Chevrolet
346,Jemmy Penticost,Female,2/24/1982,China,china-unionpay,$26962.52,true,Suzuki
347,Garner Goranov,Male,12/5/1996,Switzerland,diners-club-enroute,$37815.76,false,Ford
348,Garwood Iacovone,Male,8/29/2000,Russia,americanexpress,$80571.14,false,Spyker
349,Aldon Willcock,Male,8/18/1971,Poland,jcb,$77143.34,false,Hummer
350,Carlee Brennon,Female,7/9/1973,Japan,china-unionpay,$68388.69,false,Mazda
351,Kellie Pudding,Female,7/15/2000,China,jcb,$97441.15,false,Acura
352,Ichabod Leere,Male,9/21/1983,Russia,maestro,$85231.22,true,Chevrolet
353,Abner Pollicott,Male,9/2/1986,Dominican Republic,maestro,$19813.91,true,Honda
354,Vick Aleksankin,Male,7/11/1976,Germany,mastercard,$58187.59,true,Toyota
355,Selig Emanueli,Male,7/15/1973,Albania,laser,$13490.65,false,Chevrolet
356,Salvatore McClure,Male,5/20/1997,Brazil,jcb,$18777.17,false,Jeep
357,Eddy Suggate,Male,10/30/1990,China,visa-electron,$45911.51,true,BMW
358,Sutherlan Baldoni,Male,11/16/1979,Brazil,diners-club-international,$61105.49,true,Chevrolet
359,Ryann Millimoe,Female,1/18/1979,France,visa,$60634.35,true,Honda
360,Christabella Gumbrell,Female,7/7/1975,Canada,jcb,$12323.24,true,Toyota
361,Ronnica Arlt,Female,4/24/1979,Indonesia,mastercard,$6115.07,false,Ford
362,Catherina Cotgrave,Female,10/11/1985,Czech Republic,jcb,$54905.26,false,Chevrolet
363,Shalne Klaggeman,Female,9/1/1997,China,visa-electron,$92166.25,true,Chevrolet
364,Godart Emmines,Male,2/22/1999,Japan,mastercard,$54693.65,true,Mitsubishi
365,Derwin Rugge,Male,5/2/1981,Portugal,jcb,$32156.37,false,Volkswagen
366,Artur Sleeny,Male,11/7/1987,France,switch,$36917.56,true,Aston Martin
367,Riccardo Strafford,Male,9/7/1986,Indonesia,jcb,$71356.68,false,Hyundai
368,Leroi Doerren,Male,2/20/1996,China,jcb,$95885.37,false,Chevrolet
369,Virgina Mc Trusty,Female,9/17/1992,Brazil,china-unionpay,$77953.70,false,Suzuki
370,Kimberley Kreuzer,Female,7/1/1990,Belarus,maestro,$29929.16,true,Saab
371,Ellery Peiser,Male,11/8/1975,Sweden,jcb,$62362.92,false,Lexus
372,Imogen Bowen,Female,8/1/1992,United States,jcb,$34272.83,false,Toyota
373,Lindsey MacAughtrie,Male,4/28/1994,Poland,diners-club-carte-blanche,$50217.38,true,Bentley
374,Sophi Warrick,Female,5/26/1985,Japan,jcb,$38732.38,false,Subaru
375,Chloris Moulsdall,Female,9/1/1987,Indonesia,jcb,$41779.62,false,GMC
376,Farr Guest,Male,7/13/1996,Indonesia,jcb,$4872.35,false,Buick
377,Ilyssa Tickel,Female,2/23/1997,Brazil,diners-club-carte-blanche,$28022.35,false,Lexus
378,Cornelius Iley,Male,12/6/1973,France,diners-club-enroute,$8934.44,false,Chevrolet
379,Alphonse Olliver,Male,2/22/1977,Philippines,americanexpress,$70442.78,true,Jaguar
380,Erskine Pickvance,Male,10/30/1975,United States,jcb,$87710.16,true,Honda
381,Carver Lund,Male,10/28/1991,Kazakhstan,diners-club-carte-blanche,$1266.83,true,Mercedes-Benz
382,Kaia Gaines,Female,4/18/1974,Russia,americanexpress,$47398.82,true,Dodge
383,Nedda Strotton,Female,12/5/1988,Bahamas,jcb,$7984.56,false,Toyota
384,Broddy Kuhnert,Male,2/15/1999,Indonesia,jcb,$31051.89,false,Volvo
385,Susann Floch,Female,10/29/1976,United States,jcb,$68478.32,false,Toyota
386,Marge Logue,Female,10/21/1986,Vietnam,jcb,$88258.16,false,Chevrolet
387,Alleen Woodrow,Female,5/5/1996,Indonesia,jcb,$74288.96,true,Ford
388,Oswell Greve,Male,12/9/1999,France,diners-club-enroute,$29147.04,true,Audi
389,Prentice Havenhand,Male,8/24/1989,Indonesia,mastercard,$42964.87,true,Acura
390,Xaviera Doudny,Female,5/7/2000,New Zealand,jcb,$48721.04,true,Pontiac
391,Ardella Mangan,Female,12/19/1979,Indonesia,jcb,$55665.77,false,Nissan
392,Stern Burril,Male,9/27/1982,Indonesia,jcb,$72205.05,false,Toyota
393,Colver MacGaughy,Male,11/20/1983,Cuba,jcb,$47288.74,true,Mercedes-Benz
394,Ingeberg Calderwood,Female,11/29/1991,China,china-unionpay,$29014.43,false,Hyundai
395,Nevins Brass,Male,9/30/1972,Indonesia,jcb,$63745.03,false,Chevrolet
396,Georgeanna Dobrowolny,Female,3/14/1991,Albania,diners-club-enroute,$17707.50,false,Geo
397,Yale Castagnier,Male,7/16/1972,China,china-unionpay,$21758.01,false,Mazda
398,Lurette Lauder,Female,1/21/1981,Finland,diners-club-carte-blanche,$62098.78,false,Suzuki
399,Arnoldo Dy,Male,1/2/1998,Comoros,china-unionpay,$13556.41,true,Buick
400,Sheila-kathryn Grunwall,Female,3/5/1994,Argentina,mastercard,$8392.38,true,Porsche
401,Sigfried Sconce,Male,10/19/1974,Russia,visa-electron,$37202.67,false,Chevrolet
402,Hale Speck,Male,4/4/1978,China,jcb,$13263.98,true,Jeep
403,Claudius Beaby,Male,1/12/1975,Venezuela,jcb,$88153.27,true,Cadillac
404,Justina Iffe,Female,5/13/1991,Netherlands,jcb,$20876.80,true,Maybach
405,Cindra Catteroll,Female,2/20/1983,Morocco,jcb,$45115.86,false,Ford
406,Liv Gouny,Female,5/30/1971,China,jcb,$65597.94,true,Dodge
407,Maryjo Snozzwell,Female,10/18/1978,Bolivia,diners-club-enroute,$63694.78,false,Chevrolet
408,Kippie Fair,Male,3/7/1988,Indonesia,maestro,$77397.52,false,Lexus
409,Rita Allsebrook,Female,1/20/1985,Indonesia,jcb,$76006.04,false,Mercury
410,Demeter Spary,Female,3/25/2000,China,jcb,$73683.60,false,Ford
411,Patience Guilloud,Female,10/10/1974,Uganda,maestro,$24875.94,false,Mazda
412,Tades Pinxton,Male,9/8/1974,Ukraine,jcb,$99608.56,true,Toyota
413,Ianthe Bront,Female,8/8/1997,Chile,diners-club-enroute,$19623.58,true,Chevrolet
414,Kiel Milton,Male,7/31/1999,Netherlands,americanexpress,$96471.57,true,Audi
415,Jefferey Jakaway,Male,1/7/1979,United States,jcb,$87677.12,true,Kia
416,Caspar Roden,Male,11/17/2000,Indonesia,jcb,$19831.42,true,Chevrolet
417,Meridith Asman,Female,5/4/1988,Brazil,visa-electron,$94865.45,true,Oldsmobile
418,Tedd Tansey,Male,7/26/1982,Burkina Faso,maestro,$17033.57,true,Pontiac
419,Graeme Crump,Male,12/9/1975,Indonesia,jcb,$80489.05,false,BMW
420,Adoree Mandal,Female,12/19/1985,China,americanexpress,$1131.63,false,Dodge
421,Lion Mallender,Male,7/26/1985,Poland,visa,$40967.18,true,Kia
422,Lorettalorna Sherston,Female,6/16/1980,Sweden,jcb,$81063.21,true,Volvo
423,Lynnell MacTrustie,Female,1/19/1981,China,diners-club-enroute,$80781.23,true,Ferrari
424,Ford Gibbonson,Male,9/10/1984,Poland,maestro,$17540.02,false,Toyota
425,Zebulen Losebie,Male,12/31/1991,Russia,jcb,$93430.99,true,Mercury
426,Glenn Buddock,Male,9/11/2000,China,jcb,$53399.85,true,Mitsubishi
427,Johnette Anchor,Female,11/30/1992,Yemen,jcb,$64687.90,false,Dodge
428,Raffarty Jelfs,Male,9/4/1977,Honduras,americanexpress,$13768.16,false,Hyundai
429,Edita Luto,Female,2/26/1999,Russia,diners-club-carte-blanche,$93031.31,true,Lincoln
430,Janene Chelley,Female,2/7/1985,Ethiopia,americanexpress,$18308.30,true,Lexus
431,Benedetto Edghinn,Male,7/27/1971,China,jcb,$15836.88,false,Toyota
432,Zebulen Martyntsev,Male,9/27/1993,Indonesia,maestro,$2807.62,false,Cadillac
433,Dexter Discombe,Male,5/31/1997,Indonesia,mastercard,$67005.61,true,Toyota
434,Clement Von Salzberg,Male,8/16/1971,Palestinian Territory,switch,$62517.15,true,Jaguar
435,Oates Doerr,Male,5/2/1971,United States,diners-club-enroute,$76251.06,true,Lotus
436,Erick Fillgate,Male,6/7/1981,Mexico,diners-club-international,$22686.45,false,Chrysler
437,Laurette MacDiarmond,Female,12/3/1993,Russia,solo,$56584.34,true,Mazda
438,Dennie Lidgley,Male,6/17/1971,Kenya,jcb,$60241.26,true,Hyundai
439,Gilly Chaffer,Female,2/21/1992,Russia,instapayment,$51333.13,false,Kia
440,Lanie Noteyoung,Female,2/6/1974,Palestinian Territory,visa-electron,$68298.44,false,Lexus
441,Dannie Fitton,Female,6/4/1987,China,jcb,$86696.94,false,Ford
442,Saundra Gudgion,Female,3/5/1993,Bolivia,jcb,$80072.56,false,Infiniti
443,Hewie Heaford,Male,6/28/1980,China,switch,$90476.25,false,Dodge
444,Vinnie Garroch,Female,12/16/1973,China,jcb,$43867.87,false,Ford
445,James Healings,Male,2/25/1994,Philippines,americanexpress,$12934.10,true,Audi
446,Paule Wheowall,Female,4/7/1977,China,jcb,$50915.97,false,Cadillac
447,Sherrie Curwen,Female,6/7/1988,New Zealand,mastercard,$76769.08,false,Cadillac
448,Gabey Griffe,Female,6/26/1976,China,jcb,$96992.70,false,Mazda
449,Darrick Vallender,Male,5/9/1981,Ukraine,jcb,$93563.21,false,Ford
450,Goldi Rounds,Female,9/10/1997,Nigeria,jcb,$63753.42,false,Audi
451,Tirrell MacIntyre,Male,3/5/1998,Denmark,jcb,$6032.28,false,Chevrolet
452,Liza Ashmole,Female,3/28/1994,Thailand,mastercard,$27774.44,true,Saab
453,Othilie Caunce,Female,3/10/1986,China,jcb,$30089.83,true,Ford
454,Farlie Hendrickson,Male,4/13/1980,Kazakhstan,bankcard,$23631.00,true,Nissan
455,Deck Broadfield,Male,7/1/1987,Indonesia,diners-club-enroute,$61492.65,true,Lexus
456,Rutherford Peake,Male,5/27/1975,China,jcb,$48054.98,false,Buick
457,Odille Alesbrook,Female,9/16/1974,Madagascar,jcb,$68772.73,true,Pontiac
458,Alyda Solesbury,Female,3/10/1982,Philippines,jcb,$85785.91,false,Dodge
459,Nels Leband,Male,4/13/1994,China,maestro,$1433.47,false,Ford
460,Nial Clitherow,Male,1/28/1975,United States,jcb,$4429.24,false,Dodge
461,Marshall Slipper,Male,7/29/1983,Indonesia,jcb,$83386.08,true,Volkswagen
462,Dionysus Crowch,Male,3/22/1997,China,visa-electron,$46491.00,false,Saab
463,Sheeree Mattocks,Female,6/23/1971,China,jcb,$49029.81,false,Audi
464,Stacee Dillamore,Male,3/25/1988,Indonesia,jcb,$71388.02,false,Toyota
465,Sargent Godspeede,Male,5/28/1979,Indonesia,visa-electron,$76384.74,false,Mercury
466,Riccardo Seeborne,Male,5/22/1985,Thailand,mastercard,$38468.92,false,Chevrolet
467,Hendrick Southwell,Male,6/24/1987,Greece,jcb,$4709.87,true,Plymouth
468,Baryram St Louis,Male,7/28/1984,Paraguay,jcb,$29387.97,false,Jeep
469,Maxy Dubbin,Male,10/26/1990,Russia,diners-club-carte-blanche,$51726.94,true,Lexus
470,Wilone Espada,Female,10/16/1991,Indonesia,visa-electron,$21187.38,false,Ford
471,Winfred Yankeev,Male,11/13/1989,Poland,jcb,$69694.43,true,Chevrolet
472,Harriette Breche,Female,1/28/1987,France,jcb,$53403.50,true,Acura
473,Debbi Skillanders,Female,12/30/1986,Argentina,visa-electron,$50495.36,false,Lexus
474,Albert Boggas,Male,5/20/1993,Guinea-Bissau,jcb,$7382.48,true,MINI
475,Donnie Wakefield,Female,8/25/1972,Philippines,china-unionpay,$10750.00,true,Lotus
476,Sanson Case,Male,8/26/2000,Philippines,jcb,$86358.43,true,Suzuki
477,Modesty Pierton,Female,2/20/1986,Portugal,jcb,$96010.42,true,Porsche
478,Boyd Bimrose,Male,9/9/1987,Brazil,jcb,$7074.76,true,Mazda
479,Sam Jarrel,Female,9/27/1986,Thailand,jcb,$54477.34,false,Fillmore
480,Garrett Jura,Male,10/21/1999,Portugal,diners-club-enroute,$79562.33,false,Ford
481,Carlos Wolpert,Male,3/16/1992,Spain,visa-electron,$30486.16,false,Nissan
482,Myrah Lambden,Female,7/14/1997,Kiribati,maestro,$48380.53,true,Oldsmobile
483,Tobey Hallgath,Female,12/26/1994,Thailand,diners-club-international,$26711.12,true,Honda
484,Lorens Townsley,Male,8/16/1976,Indonesia,jcb,$44507.56,true,Mazda
485,Quentin Buxsey,Female,1/11/1979,France,switch,$26422.62,false,Pontiac
486,Gradeigh McWhannel,Male,2/20/1987,Japan,bankcard,$34156.18,true,Kia
487,Ilise Downing,Female,10/14/1976,China,mastercard,$9652.90,false,Nissan
488,Ingrid Ainsby,Female,11/30/1981,China,diners-club-us-ca,$16146.11,true,Chevrolet
489,Teodora Perford,Female,2/28/1983,China,switch,$22933.77,false,Hyundai
490,Kipp O'Longain,Male,3/6/1976,Spain,jcb,$81547.66,true,GMC
491,Shermie Bolderoe,Male,5/19/1999,France,americanexpress,$20450.91,true,Honda
492,Ody Basden,Male,6/25/1992,Peru,maestro,$248.39,true,Pontiac
493,Feliks Zoanetti,Male,12/27/1973,Ukraine,china-unionpay,$11727.15,false,Ford
494,Shermie Dust,Male,7/5/1987,China,switch,$48308.74,false,Chevrolet
495,Yorke Vergine,Male,10/3/1994,Poland,mastercard,$49980.53,false,Geo
496,Filmer Craigmyle,Male,9/24/1992,Sri Lanka,diners-club-enroute,$65340.29,false,Maserati
497,Ana DelaField,Female,9/25/1990,North Korea,jcb,$65940.53,false,Mercury
498,Rurik Jandera,Male,1/6/1988,Nigeria,jcb,$81894.15,true,Ford
499,Spense Letrange,Male,10/21/1998,Czech Republic,instapayment,$66046.37,true,Buick
500,Lexie Wix,Female,6/18/1990,Cuba,diners-club-carte-blanche,$31225.19,true,Volkswagen
501,Grace Onele,Female,8/30/1996,Portugal,jcb,$33735.57,true,Audi
502,Cristobal Belmont,Male,10/16/1990,China,jcb,$34075.74,true,Toyota
503,Simon Fayer,Male,9/15/1994,France,jcb,$92286.47,true,Pontiac
504,Carson Bulleyn,Male,12/25/1970,Argentina,jcb,$180.01,true,Toyota
505,Maddy Cellier,Female,8/3/1973,Albania,mastercard,$90560.10,true,Toyota
506,Armand Frost,Male,2/3/1982,Russia,bankcard,$46211.67,false,Ford
507,Cookie Yakovl,Female,11/8/1976,Greece,china-unionpay,$59626.98,false,Jaguar
508,Godfree Thamelt,Male,8/11/1981,Russia,jcb,$26782.87,true,Hyundai
509,Golda Corre,Female,5/31/1977,Indonesia,jcb,$69713.20,true,Toyota
510,Britni Corr,Female,10/1/1991,Argentina,jcb,$46530.41,false,Ferrari
511,Oberon Limrick,Male,12/6/1975,Iran,jcb,$48570.84,false,Chevrolet
512,Malena Hadgraft,Female,12/23/1977,Ukraine,mastercard,$29988.44,false,Hummer
513,Frederik Adey,Male,9/7/1991,France,china-unionpay,$65184.20,true,Hyundai
514,Jsandye Baelde,Female,4/30/1981,Greece,visa-electron,$70015.31,false,Mitsubishi
515,Daffy Brine,Female,11/2/1984,Philippines,instapayment,$31880.73,false,GMC
516,Layney Saldler,Female,12/30/1975,Canada,visa,$24517.74,false,Hyundai
517,Constantin Elderkin,Male,4/18/1977,Poland,diners-club-carte-blanche,$10513.93,true,Mitsubishi
518,Benson Hubane,Male,7/21/1983,Colombia,jcb,$1085.67,true,GMC
519,Myrvyn Oxenden,Male,12/21/1991,Vietnam,jcb,$38090.07,false,Ford
520,Evaleen Climar,Female,9/22/1979,Indonesia,jcb,$3692.62,false,Subaru
521,Leela Trayte,Female,11/15/1989,China,jcb,$78382.42,true,Toyota
522,Tabbie Paoletto,Female,8/11/1998,Thailand,jcb,$77033.02,false,Chevrolet
523,Peyter Viccars,Male,9/16/1977,Brazil,americanexpress,$90861.87,false,Pontiac
524,Leroi Bernon,Male,5/18/1998,Peru,mastercard,$97292.86,false,Lexus
525,Elsey Ablitt,Female,5/3/2000,Portugal,jcb,$3196.95,false,Lincoln
526,Stacee Wakerley,Male,12/22/1986,Brazil,jcb,$39360.49,true,Buick
527,Adams Felce,Male,12/1/1988,Poland,jcb,$91409.08,false,Toyota
528,Joella Clibbery,Female,9/18/1996,China,visa-electron,$39805.75,true,Honda
529,Borden O'Cahey,Male,1/12/1995,Russia,china-unionpay,$79901.74,false,Ford
530,Aldo Josefovic,Male,6/14/1971,Nigeria,mastercard,$87993.13,true,Chevrolet
531,Maddy Brandino,Female,11/16/1977,Indonesia,jcb,$96457.41,true,Suzuki
532,Blane Kestle,Male,1/13/1986,Poland,china-unionpay,$31936.69,false,Mazda
533,Erroll Aldwich,Male,2/18/1980,Honduras,jcb,$57869.02,false,Volvo
534,Conant Primarolo,Male,7/29/1984,Philippines,jcb,$24715.52,true,Lexus
535,Sylas Hansman,Male,2/11/1978,United States,instapayment,$45844.34,true,Mercury
536,Hedda Marcome,Female,11/20/1981,Azerbaijan,china-unionpay,$40062.25,false,Saturn
537,Bronny Dewer,Male,6/12/1989,China,instapayment,$30616.66,true,Ford
538,Davina Onyon,Female,9/28/1993,Indonesia,jcb,$5285.78,true,BMW
539,Jeannette Leyman,Female,3/16/1998,Armenia,jcb,$60970.94,true,Infiniti
540,Aarika Archbould,Female,11/20/1980,Colombia,americanexpress,$29336.30,false,Pontiac
541,Samuel Sigward,Male,3/2/1971,Norway,jcb,$4156.11,false,Mazda
542,Kizzie Tuffey,Female,3/27/1984,Brazil,solo,$94441.66,false,GMC
543,Dane Woodyeare,Male,3/9/1975,Brazil,jcb,$7218.19,false,Dodge
544,Ferdinanda Straffon,Female,4/15/1979,China,maestro,$61262.45,false,Audi
545,Marie Hymus,Female,10/19/1983,Tonga,jcb,$67662.80,true,Lamborghini
546,Merle Doram,Female,4/28/1972,China,jcb,$56126.26,true,Plymouth
547,Marcelo Ernshaw,Male,12/10/1974,Finland,jcb,$23708.63,true,Ford
548,Hobard Mahy,Male,8/5/1979,China,diners-club-enroute,$46319.60,false,Infiniti
549,Lonni Champion,Female,7/11/1975,Kenya,visa-electron,$5205.15,false,Chevrolet
550,Standford Woolliams,Male,3/3/1998,Panama,china-unionpay,$16366.51,true,Volvo
551,Tobias Chaman,Male,8/30/1998,Brazil,jcb,$51086.94,false,Mitsubishi
552,Glori Sorby,Female,2/24/1979,Greece,switch,$51822.09,false,Mitsubishi
553,Babbette Adao,Female,12/14/1992,Somalia,visa-electron,$54466.03,false,Ford
554,Anica Reignould,Female,4/27/1995,Portugal,jcb,$89162.96,true,Mercury
555,Doy Stobbart,Male,10/13/1991,France,china-unionpay,$20673.14,true,Ford
556,Killian Tilzey,Male,6/25/1995,China,jcb,$85908.28,false,Volkswagen
557,Martguerita Bodicum,Female,7/18/1998,China,diners-club-enroute,$48570.87,true,Chevrolet
558,Meagan Clashe,Female,1/4/1983,Japan,instapayment,$66375.97,false,Land Rover
559,Otha Wadlow,Female,9/26/1972,Indonesia,diners-club-us-ca,$9273.28,true,Mercury
560,Izzy Beaumont,Male,4/24/1991,Albania,americanexpress,$18216.18,true,Cadillac
561,Dunstan Barette,Male,10/17/1975,Brazil,solo,$53715.71,false,Mazda
562,Arman Scopes,Male,8/6/1984,Madagascar,bankcard,$98698.27,true,Nissan
563,Felisha Suston,Female,6/5/2000,Yemen,jcb,$43311.37,true,Mitsubishi
564,Dody Pratchett,Female,3/13/1995,Indonesia,jcb,$86308.14,false,GMC
565,Con Ficken,Male,5/1/1985,Brazil,jcb,$2007.63,true,Volkswagen
566,Rikki McHan,Male,8/8/1996,Indonesia,jcb,$20540.02,false,Land Rover
567,Wendall Longbothom,Male,1/6/1988,China,visa,$27296.92,true,Ford
568,Marcelle Deppe,Female,6/14/1991,China,mastercard,$76095.37,false,Dodge
569,Illa Fudge,Female,6/11/1974,Peru,jcb,$73187.60,false,Mercedes-Benz
570,Mark Gilhooley,Male,3/17/1971,Ukraine,diners-club-carte-blanche,$51203.67,true,Chevrolet
571,Rogerio Bain,Male,4/17/1993,Ukraine,diners-club-enroute,$35248.59,true,Lexus
572,Kaitlyn Biasio,Female,3/7/1979,Bosnia and Herzegovina,jcb,$36946.86,false,Chrysler
573,Larissa Atter,Female,2/12/1997,Brazil,china-unionpay,$66693.02,true,Mercedes-Benz
574,Marc Clemendet,Male,5/24/1982,Albania,mastercard,$22027.73,true,Oldsmobile
575,Octavius Livzey,Male,3/16/1984,Serbia,diners-club-international,$58003.43,true,Mercedes-Benz
576,Roze Goodee,Female,11/3/1996,Thailand,jcb,$36586.02,true,Toyota
577,Nathalia Grafhom,Female,9/2/1981,Saudi Arabia,jcb,$67791.68,true,Nissan
578,Lorene Mintram,Female,12/5/1977,China,jcb,$87753.72,false,Audi
579,Meridith Portsmouth,Female,7/17/1994,Philippines,jcb,$28592.12,true,Infiniti
580,Gaylene Buller,Female,9/24/1994,Portugal,jcb,$22062.47,true,Cadillac
581,Golda Gauge,Female,7/27/1994,Serbia,jcb,$18708.08,true,Mercedes-Benz
582,Reine Esparza,Female,1/26/1998,Philippines,jcb,$32120.95,true,Saturn
583,Boyd Hanaford,Male,5/3/1977,China,jcb,$86529.59,false,Nissan
584,Kare Dax,Female,4/21/1985,Japan,jcb,$45251.59,true,Isuzu
585,Molli Petr,Female,1/10/1997,Czech Republic,china-unionpay,$94253.43,true,Suzuki
586,Cristi Rainer,Female,9/29/1989,Indonesia,jcb,$13342.80,true,Mitsubishi
587,Trevar Horwell,Male,5/11/1991,Colombia,laser,$13051.84,false,Toyota
588,Durand Olenchenko,Male,7/17/1985,Croatia,bankcard,$60038.38,false,Chevrolet
589,Neille Hayesman,Female,12/22/1971,Philippines,jcb,$40799.21,false,Cadillac
590,Kermy Streets,Male,12/23/1994,Portugal,jcb,$34027.53,true,Toyota
591,Malory Mariault,Female,3/2/1979,China,jcb,$46164.89,false,Acura
592,Violetta Eam,Female,3/4/1989,Portugal,mastercard,$18635.16,false,Mercedes-Benz
593,Maure Arthars,Female,1/17/1976,Portugal,mastercard,$32337.49,false,Hyundai
594,Emanuele Tibbles,Male,1/8/1976,China,jcb,$93205.54,true,Pontiac
595,Sayre Maple,Male,6/6/1993,France,jcb,$68235.64,false,Suzuki
596,Basil Gullberg,Male,9/26/1979,Serbia,jcb,$28849.69,false,Buick
597,Dudley Kohlert,Male,12/15/1983,Philippines,diners-club-carte-blanche,$60310.04,true,Mitsubishi
598,Farlay Nelson,Male,6/14/1997,China,jcb,$50234.11,true,Audi
599,Giffer Sayward,Male,4/12/1986,China,jcb,$9669.96,false,GMC
600,Cam Scranedge,Male,1/12/1979,China,jcb,$91606.34,false,Audi
601,Othella Van Der Walt,Female,3/27/1976,Philippines,maestro,$40681.12,true,Mazda
602,Umberto Flowitt,Male,7/17/1974,France,china-unionpay,$62361.23,true,Suzuki
603,Erinn Colleton,Female,5/1/1982,Portugal,visa-electron,$6801.38,true,Chevrolet
604,Aylmer Bemrose,Male,6/7/1972,Germany,maestro,$69678.50,true,BMW
605,Sunny Bosch,Male,12/12/1988,Colombia,diners-club-carte-blanche,$91651.86,true,Subaru
606,Marlowe Jaulme,Male,6/12/1989,Colombia,diners-club-enroute,$97041.99,true,Acura
607,Mirabelle Evered,Female,2/11/1998,Estonia,bankcard,$88860.02,false,Mercury
608,Tuck Stinson,Male,12/2/1973,Ivory Coast,jcb,$91450.64,true,Land Rover
609,Vidovic Andreutti,Male,10/12/1985,Mauritius,diners-club-enroute,$77244.12,true,Ford
610,Lind Chessman,Male,5/28/1982,Czech Republic,bankcard,$31906.11,true,Chevrolet
611,Berkley Haquard,Male,10/14/1997,Egypt,mastercard,$26404.68,true,Audi
612,Jessee Finnes,Male,7/19/1975,Philippines,china-unionpay,$51126.95,false,Chevrolet
613,Ninetta Suerz,Female,4/30/1980,France,jcb,$30614.01,false,GMC
614,Jorgan Bruhn,Male,1/19/1989,Afghanistan,visa-electron,$50720.20,false,GMC
615,Bryant Shenton,Male,4/10/1999,Finland,instapayment,$79298.73,true,Lincoln
616,Trina Legonidec,Female,12/8/1991,China,bankcard,$89612.83,true,Volvo
617,Tremain Ohanessian,Male,9/23/1983,Mexico,jcb,$98945.34,false,Chevrolet
618,Darell Skym,Female,12/22/1997,France,maestro,$71054.17,true,Volkswagen
619,Casar Shillito,Male,7/3/1982,Argentina,solo,$22392.56,false,Chrysler
620,Reinaldos Jeandon,Male,12/29/1986,France,mastercard,$80864.20,true,Subaru
621,Winona Filasov,Female,6/2/1982,Philippines,maestro,$41420.36,false,Toyota
622,Starlin Olcot,Female,2/10/1991,Indonesia,china-unionpay,$67413.37,true,Buick
623,Yuma Moynham,Male,4/8/2000,Venezuela,jcb,$66163.27,false,Ford
624,Andy Miners,Male,9/10/1973,United States,maestro,$12474.55,false,Ford
625,Alard Palke,Male,1/3/1978,Japan,diners-club-carte-blanche,$77980.91,false,Dodge
626,Avis Grog,Female,2/15/1988,Peru,americanexpress,$87922.42,false,Subaru
627,Matthew Cragell,Male,8/30/1993,China,switch,$50537.40,false,Porsche
628,Lida Campaigne,Female,12/5/1977,Indonesia,mastercard,$61181.73,true,Isuzu
629,Lorene Staff,Female,6/28/1975,Somalia,jcb,$43552.99,true,Mercedes-Benz
630,Creigh Clemenzo,Male,12/29/1987,Indonesia,jcb,$87648.84,false,GMC
631,Hedy Emnoney,Female,12/14/1980,Nigeria,visa,$82389.34,true,Volkswagen
632,Gaylor Wash,Male,7/10/1991,Guatemala,americanexpress,$76162.07,false,Oldsmobile
633,Elias Parkeson,Male,10/15/1987,Bulgaria,instapayment,$52448.54,true,Chevrolet
634,Jorge Tippell,Male,10/4/1978,Indonesia,jcb,$73868.79,false,Pontiac
635,Niki O'Dooghaine,Female,9/22/1971,China,jcb,$7918.82,true,Jaguar
636,Galina Penhall,Female,5/22/1999,Estonia,bankcard,$92758.85,false,Buick
637,Tammi Spurway,Female,11/27/1977,Russia,jcb,$66359.59,false,Oldsmobile
638,Packston Bendson,Male,10/30/1985,Mali,jcb,$65034.20,false,Chevrolet
639,Clifford Lantaff,Male,12/1/1973,Indonesia,jcb,$31549.39,true,McLaren
640,Sherm Stobbs,Male,10/20/1971,Latvia,switch,$55648.32,true,Dodge
641,Ive Hicklingbottom,Male,2/23/1998,Ethiopia,diners-club-carte-blanche,$44059.73,false,Rambler
642,Cristiano De Nisco,Male,1/29/1994,Brazil,jcb,$67831.25,false,Mazda
643,Olin Aust,Male,4/27/1974,South Africa,jcb,$82018.78,true,Honda
644,Nomi Shutt,Female,1/22/1990,Gabon,maestro,$94645.16,false,Nissan
645,Dur O'Rafferty,Male,4/5/1990,Russia,jcb,$49210.78,false,GMC
646,Melicent Rebert,Female,4/17/1987,Russia,jcb,$46924.84,true,Mitsubishi
647,Joella Villiers,Female,7/5/1978,Mongolia,laser,$45514.58,false,GMC
648,Bellina Zukerman,Female,4/2/1972,Macedonia,jcb,$9183.92,true,Toyota
649,Coraline Funnell,Female,8/24/1973,China,jcb,$69119.92,true,Ford
650,Neddie Corder,Male,5/24/1987,Indonesia,jcb,$22153.16,false,Ford
651,Daniele Childe,Female,1/12/1977,Yemen,maestro,$24163.98,true,Mitsubishi
652,Shanna Gini,Female,10/5/1974,China,mastercard,$74479.66,false,Chevrolet
653,Willi Gerrill,Male,4/23/1973,Sweden,jcb,$94805.95,true,GMC
654,Gene O'Toole,Male,12/24/1976,China,maestro,$1522.80,false,Bentley
655,Janean Narbett,Female,10/21/1989,China,jcb,$92975.90,false,Suzuki
656,Brody Straffon,Male,10/14/1983,Mayotte,jcb,$28768.02,false,Mazda
657,Chandra Lecordier,Female,7/15/1976,United Kingdom,jcb,$89031.53,false,Mitsubishi
658,Lynna Barneveld,Female,7/15/1982,Malaysia,bankcard,$53112.89,false,Nissan
659,Montgomery Tremblay,Male,12/3/1978,France,jcb,$13295.67,false,Dodge
660,Allys Mc Kellen,Female,7/1/1990,Armenia,jcb,$12132.46,true,Dodge
661,Gerick Guilleton,Male,7/21/1973,Indonesia,jcb,$34577.88,true,Cadillac
662,Galven Oldridge,Male,9/27/1999,Russia,americanexpress,$57132.08,false,Mercury
663,Joellen Ong,Female,2/16/1996,Ukraine,maestro,$85044.34,false,Kia
664,Adlai Prettjohn,Male,6/23/1993,Pakistan,jcb,$41003.71,true,GMC
665,Jobyna Feighry,Female,8/19/1980,Cameroon,china-unionpay,$78655.98,true,Dodge
666,Devinne Hurran,Female,5/20/1999,China,maestro,$75644.54,false,Ford
667,Maynord Ryal,Male,7/19/1998,Colombia,maestro,$85101.14,true,Lexus
668,Matias Lanyon,Male,12/24/1997,Norway,mastercard,$49651.16,true,Lexus
669,Silvia Eaglesham,Female,2/9/1991,United States,jcb,$51317.03,true,Lincoln
670,Maribeth Cunnane,Female,10/23/1978,Kuwait,visa-electron,$97939.05,false,Dodge
671,Gordan Emmerson,Male,6/22/1974,China,americanexpress,$39190.80,false,Buick
672,Devy Rangle,Male,1/27/1994,China,switch,$73745.77,true,GMC
673,Micah Frontczak,Male,10/11/1972,China,switch,$81712.93,true,Mercedes-Benz
674,Erin Chirm,Male,6/1/1980,Syria,jcb,$11840.47,false,Hummer
675,Montgomery Buessen,Male,10/30/1983,Indonesia,solo,$18401.78,true,Suzuki
676,Wolfy De Morena,Male,11/26/1971,Ukraine,maestro,$49152.89,false,Volvo
677,Layney Fleisch,Female,3/31/1990,Afghanistan,maestro,$70312.89,false,Rambler
678,Barrie Jerrams,Male,5/17/1975,Russia,jcb,$23333.08,true,Maserati
679,Gan Tickel,Male,11/3/1977,Canada,jcb,$32857.34,true,Dodge
680,Henrieta Rossbrooke,Female,11/8/1978,Estonia,jcb,$2544.07,false,Chevrolet
681,Rosemonde O'Scollee,Female,4/23/1971,Thailand,jcb,$72093.51,true,Ford
682,Jeffy Lynskey,Male,11/30/1991,Russia,bankcard,$37152.47,false,Chevrolet
683,Delainey Brammall,Male,9/11/1990,China,laser,$65116.79,true,Volkswagen
684,Evelina FitzAlan,Female,5/11/1994,China,jcb,$67379.83,true,Mercury
685,Tiphani Groarty,Female,2/1/2000,Russia,solo,$27758.38,true,Chevrolet
686,Zeke Claringbold,Male,2/13/1991,Indonesia,jcb,$62983.92,false,Kia
687,Nelli Gerdes,Female,3/10/1990,Indonesia,mastercard,$59218.56,false,Kia
688,Nathalie MacRannell,Female,12/19/1983,Russia,maestro,$49941.00,false,Chevrolet
689,Thorpe Ellard,Male,9/27/1975,China,visa-electron,$62718.71,true,Ford
690,Aurilia Campanelle,Female,12/12/2000,Yemen,instapayment,$40146.08,false,Pontiac
691,Graham Jaan,Male,9/20/1987,Jordan,visa,$54377.27,true,Cadillac
692,Idelle Bourgaize,Female,8/19/1976,Ecuador,jcb,$22474.64,false,Mitsubishi
693,Ilario Jaffray,Male,9/30/2000,Poland,jcb,$8055.78,false,Rolls-Royce
694,Adriena MacCaig,Female,2/16/1999,Russia,jcb,$78615.32,false,GMC
695,Vera Mushet,Female,4/29/1992,Georgia,mastercard,$56090.18,false,Chrysler
696,Trefor Spencelayh,Male,11/12/1978,Brazil,jcb,$76398.41,true,Oldsmobile
697,Marabel Sandy,Female,12/9/1974,Russia,jcb,$900.31,true,Porsche
698,Bernhard Stratley,Male,5/26/2000,China,instapayment,$27207.69,false,Chevrolet
699,Gustie Normington,Female,9/25/1990,Mongolia,visa,$39698.07,true,Buick
700,Richard de Broke,Male,11/13/1976,Brazil,diners-club-enroute,$11953.99,true,Chevrolet
701,Janice Yellowley,Female,12/4/1998,China,jcb,$70084.45,true,Lexus
702,Roxine Reddick,Female,12/27/1979,Poland,switch,$75937.67,false,Saturn
703,Madison Hadaway,Male,2/19/1993,China,jcb,$49894.50,true,Ford
704,Kyla Measham,Female,5/2/1990,United States,jcb,$59460.29,true,Ram
705,Violante Rosebotham,Female,5/28/1981,Philippines,bankcard,$29880.93,true,Cadillac
706,Barri Fache,Male,5/5/1981,Sudan,diners-club-us-ca,$34936.40,false,Chrysler
707,Iormina Angless,Female,10/5/1982,China,maestro,$4242.15,true,Chrysler
708,Craig Akram,Male,8/8/1974,Russia,jcb,$62168.35,false,Porsche
709,Yehudi Gribbins,Male,11/22/1991,Slovenia,jcb,$92801.34,false,Saab
710,Ennis Clamo,Male,7/10/1977,Russia,jcb,$15122.52,true,Chevrolet
711,Valentijn Blanking,Male,2/28/1993,China,china-unionpay,$39851.11,false,Audi
712,Rickie Brownlea,Male,12/21/1982,South Korea,diners-club-enroute,$24993.66,true,Chrysler
713,Orville Grimbleby,Male,11/2/1983,China,maestro,$36561.94,false,Chevrolet
714,Skipper Muncey,Male,8/22/1983,Iran,jcb,$99645.79,true,Honda
715,Emanuel Arminger,Male,3/4/1980,China,diners-club-carte-blanche,$50026.55,true,Mitsubishi
716,Renell Langthorne,Female,2/24/1976,France,jcb,$53749.04,true,Suzuki
717,Dermot Scurry,Male,5/5/1973,China,diners-club-us-ca,$43707.19,true,MINI
718,Bryant Wingatt,Male,4/29/1982,China,diners-club-international,$97714.72,true,Suzuki
719,Nicol Triplow,Female,7/24/1997,Spain,jcb,$75525.65,true,Mazda
720,Floyd Joinson,Male,9/25/1983,China,jcb,$88138.70,false,Pontiac
721,Tomkin Horrell,Male,6/16/1978,United States,jcb,$17036.94,true,Suzuki
722,Kaleb Toby,Male,1/5/1994,Russia,jcb,$36533.51,true,Jaguar
723,Marnie Kretchmer,Female,9/14/1982,Peru,jcb,$3980.99,false,Audi
724,Christalle Beidebeke,Female,9/23/1988,Portugal,jcb,$97295.31,true,Chevrolet
725,Huntlee Fyfield,Male,8/21/1984,Peru,mastercard,$56428.56,false,Hyundai
726,Burnard Sailor,Male,10/19/1974,Portugal,bankcard,$33317.20,false,Toyota
727,Olva Gibbin,Female,11/2/1985,China,jcb,$58632.80,true,Chevrolet
728,Chrisy Sugge,Male,4/25/1982,Jamaica,bankcard,$95418.52,false,Pontiac
729,Fabiano Looks,Male,2/3/1994,Suriname,china-unionpay,$19366.80,true,Hummer
730,Bard Cullabine,Male,6/26/1983,Ukraine,mastercard,$86708.18,true,Mitsubishi
731,Tynan Sallings,Male,12/26/1995,Russia,jcb,$92368.62,true,Chrysler
732,Calida Tomasino,Female,5/26/1994,Indonesia,jcb,$3976.26,true,Toyota
733,Merv Duffell,Male,3/5/1986,Germany,jcb,$52265.92,false,Porsche
734,Judas Whayman,Male,10/26/1994,Sweden,bankcard,$45881.64,false,Land Rover
735,Seward Fosken,Male,9/25/1995,South Korea,switch,$66170.76,false,Suzuki
736,Dene Ivakhno,Male,10/3/1994,China,jcb,$61713.66,true,BMW
737,Esma Sherel,Female,11/25/1996,Portugal,jcb,$95771.62,true,Ford
738,Cordy Habbes,Male,9/8/1974,Malaysia,jcb,$84323.65,false,Lexus
739,Pammi Mickelwright,Female,8/2/1998,Philippines,jcb,$32503.27,true,Chevrolet
740,Bertrando Bashford,Male,1/5/1982,Japan,jcb,$452.17,true,Isuzu
741,Garek Constanza,Male,3/1/1977,Indonesia,jcb,$22874.03,false,Lincoln
742,Cobb Alessandrini,Male,8/15/2000,China,jcb,$89333.10,false,Pontiac
743,Flinn Byles,Male,3/3/1983,Pakistan,visa-electron,$83392.53,false,Mercedes-Benz
744,Care Augar,Male,1/6/1991,Norway,jcb,$27185.83,false,Chevrolet
745,Hoyt Swinford,Male,8/27/1986,Yemen,diners-club-carte-blanche,$95559.87,true,Mercury
746,Artie Blagden,Male,3/26/1978,Palestinian Territory,china-unionpay,$21413.06,false,Dodge
747,Shannen Lowrance,Female,12/9/1994,Indonesia,mastercard,$60500.26,false,Bentley
748,Othilia Bolzmann,Female,1/30/1976,Russia,diners-club-enroute,$69663.62,false,Dodge
749,Evie Giddons,Female,6/18/1972,Serbia,switch,$17203.70,false,Audi
750,Mickie Speddin,Male,10/25/1972,France,jcb,$64428.04,false,Chevrolet
751,Kendall Spearett,Male,10/21/1981,China,jcb,$37520.99,false,Jaguar
752,Cher Adney,Female,11/29/1980,Armenia,visa-electron,$254.35,true,BMW
753,Ernaline Smalman,Female,3/24/1982,China,bankcard,$29847.02,true,Pontiac
754,Eadie Teers,Female,7/14/1983,Mexico,jcb,$36087.82,true,Dodge
755,Guilbert Hefforde,Male,4/22/1998,China,jcb,$83357.83,false,Mitsubishi
756,Delcina Cleaton,Female,7/5/1988,Poland,maestro,$55415.06,true,Chevrolet
757,Myrvyn Jessel,Male,2/22/1980,Philippines,mastercard,$49569.52,true,BMW
758,Valle Whelpton,Male,6/7/1982,Sri Lanka,mastercard,$41548.99,false,Dodge
759,Eda Chastanet,Female,9/9/1978,Japan,jcb,$10595.65,false,Ford
760,Lonnard Clelland,Male,10/18/1987,Poland,maestro,$56963.44,false,Ford
761,Briant Gaywood,Male,8/23/1972,Philippines,laser,$4463.75,false,Suzuki
762,Gretal Gepp,Female,4/16/1977,China,jcb,$91920.89,true,Jeep
763,Alene McAlarney,Female,1/13/1983,China,americanexpress,$97659.76,true,Mazda
764,Kelcy Heeps,Female,12/1/1993,Indonesia,jcb,$25384.53,true,Land Rover
765,Thea Trobridge,Female,3/21/1984,Iraq,china-unionpay,$42655.51,false,Mercury
766,Sarge Cashman,Male,2/7/1986,China,diners-club-enroute,$62612.91,false,BMW
767,Nariko Singers,Female,7/18/1997,Georgia,switch,$94695.05,true,BMW
768,Bill Snowding,Male,9/2/1990,Portugal,diners-club-enroute,$54760.65,true,Maybach
769,Ruby Grimster,Male,12/28/1986,China,jcb,$51355.18,false,Chevrolet
770,Judas Sexcey,Male,4/12/1985,China,jcb,$57541.21,true,Honda
771,Jackquelin Lukacs,Female,3/9/1984,Canada,jcb,$31987.75,false,Chevrolet
772,Wayne Whittlesee,Male,5/15/1986,South Korea,china-unionpay,$30852.91,false,Isuzu
773,Rancell Twoohy,Male,3/10/1981,Sierra Leone,laser,$15010.31,false,Honda
774,Joanna Newell,Female,6/25/1980,Egypt,jcb,$66788.19,false,Ford
775,Yevette Bodemeaid,Female,8/17/1991,Poland,jcb,$26996.36,false,Toyota
776,Letta Davidovici,Female,6/8/1989,Russia,jcb,$23248.20,false,Volkswagen
777,Sandi Craigheid,Female,4/16/1984,Russia,diners-club-international,$66601.17,false,Chevrolet
778,Silvia Skunes,Female,10/16/1999,Indonesia,jcb,$79800.36,true,Dodge
779,Jayson Jendas,Male,2/3/1997,Ethiopia,switch,$31282.20,true,Saab
780,Agnes Lehemann,Female,2/22/1990,Indonesia,jcb,$26519.07,true,Mercedes-Benz
781,Mordy Goodrum,Male,10/16/1976,Mexico,jcb,$48314.00,true,BMW
782,Cynthia Pobjay,Female,2/15/1974,Poland,diners-club-enroute,$42494.68,false,Infiniti
783,Liana Aguirrezabala,Female,12/9/1992,China,visa-electron,$76122.44,true,Toyota
784,Sophey Fronsek,Female,4/3/1982,Vietnam,jcb,$91426.44,true,Subaru
785,Kiri Olive,Female,4/8/1987,China,americanexpress,$89566.63,false,Jeep
786,Casper Rock,Male,12/14/1977,Japan,jcb,$60900.23,true,Ford
787,Noble Letrange,Male,5/9/1976,Japan,switch,$1117.29,false,Chevrolet
788,Jasen Dundin,Male,5/25/1997,China,switch,$31526.45,true,Buick
789,Dierdre Sterricks,Female,10/2/1990,China,jcb,$52397.99,false,Hummer
790,Anderson Gerrans,Male,8/28/1974,Panama,bankcard,$31116.10,false,Dodge
791,Nathan Orry,Male,11/15/1978,China,visa,$44986.39,true,Saturn
792,Frederick Deaconson,Male,1/10/1997,France,visa-electron,$54132.05,false,Chevrolet
793,Rutger St. Pierre,Male,1/21/1989,Chile,instapayment,$79870.62,true,Chevrolet
794,Oona Ingleson,Female,3/29/1977,Poland,jcb,$19702.07,true,Mazda
795,Ossie Lonie,Male,12/14/1995,Russia,diners-club-international,$4125.87,false,Chevrolet
796,Hans Danilovich,Male,1/26/1997,China,bankcard,$31852.28,false,Hyundai
797,Vanni Stoven,Female,3/16/1990,Ukraine,jcb,$84741.65,true,Nissan
798,Lilyan Christoffersen,Female,12/10/1997,China,jcb,$53459.33,true,Audi
799,Fina Quye,Female,2/20/1995,Thailand,bankcard,$43541.62,true,GMC
800,Abbie Teasdale,Male,11/14/1986,Indonesia,instapayment,$53985.74,false,Maserati
801,Salome McNirlan,Female,12/24/1994,Netherlands,jcb,$84732.56,true,Volvo
802,Etty Whitehurst,Female,5/14/1988,United Kingdom,maestro,$97669.16,true,Pontiac
803,Earlie Baggally,Male,12/26/1983,Portugal,switch,$6559.70,false,Dodge
804,Inez Whistan,Female,7/25/1982,China,jcb,$59943.44,false,Saab
805,Susanetta Waterland,Female,4/22/1986,China,diners-club-us-ca,$48335.57,true,Porsche
806,Lazar De Domenicis,Male,6/1/1989,Sweden,jcb,$36286.23,true,Bentley
807,Shoshana Novotni,Female,4/17/1972,Philippines,mastercard,$8947.80,false,Dodge
808,Delilah Zoanetti,Female,3/20/1976,Guadeloupe,jcb,$52965.01,false,Infiniti
809,Alfred Rudledge,Male,9/1/1999,Philippines,switch,$4049.62,true,Ford
810,Herc Collete,Male,5/21/2000,Mexico,diners-club-carte-blanche,$25228.70,true,Buick
811,Roby Cogzell,Female,9/15/1980,South Africa,china-unionpay,$24780.14,true,Saturn
812,Parrnell Adolfson,Male,4/4/1978,China,jcb,$66238.89,false,Chevrolet
813,Waylon Kimpton,Male,11/24/1977,Macedonia,bankcard,$81925.35,true,Lincoln
814,Roy Doogue,Male,2/11/1996,Georgia,jcb,$83978.93,true,Mercedes-Benz
815,Towny Hakonsson,Male,2/12/1981,China,mastercard,$9247.43,false,Honda
816,Ignacio Chinnery,Male,10/8/1980,Canada,jcb,$62852.57,false,BMW
817,Garrek Van Dijk,Male,8/17/1979,China,jcb,$80883.58,false,Ford
818,Mal Stenson,Male,2/25/1992,Thailand,jcb,$6754.19,true,Nissan
819,Edgardo Drews,Male,6/27/1979,China,visa-electron,$99564.25,false,Toyota
820,Walther Skyram,Male,1/20/1982,Cyprus,china-unionpay,$96907.72,true,Pontiac
821,Tersina Greystoke,Female,7/14/1989,Azerbaijan,jcb,$49285.18,true,Chevrolet
822,Gertrud Prudham,Female,8/28/1990,France,jcb,$68774.48,false,Mitsubishi
823,Pierson Gurery,Male,10/19/1975,Peru,visa,$75542.95,true,Ford
824,Jase Slucock,Male,4/7/1994,Saudi Arabia,diners-club-enroute,$1078.01,false,Rambler
825,Normie Archibald,Male,5/31/1997,Indonesia,mastercard,$45377.89,true,Volvo
826,Lindsay Dewer,Female,10/20/1981,Suriname,jcb,$27989.25,false,Mazda
827,Fionna Parnham,Female,9/10/1993,Philippines,maestro,$28128.58,false,Mitsubishi
828,Vidovik Itchingham,Male,7/9/1973,Indonesia,jcb,$69724.07,false,Acura
829,Florida Salvin,Female,11/26/1990,Chile,mastercard,$1559.03,true,Ford
830,Grete Jzak,Female,1/9/1993,Indonesia,visa-electron,$49838.83,false,Saab
831,Britt Curless,Male,5/15/1985,Czech Republic,diners-club-enroute,$83250.40,true,Toyota
832,Abagail Bails,Female,7/24/1996,China,jcb,$59816.42,true,GMC
833,Alphard Rosenfield,Male,7/3/1984,Portugal,china-unionpay,$74485.33,true,Suzuki
834,Joycelin Searston,Female,2/23/1980,Indonesia,jcb,$96505.65,true,Mercedes-Benz
835,Shelley McElane,Female,5/12/1995,Sweden,china-unionpay,$89800.26,true,Mercury
836,Jemima Greensall,Female,10/9/1984,Uzbekistan,jcb,$58762.07,false,Ford
837,Steve Wallace,Male,8/26/1998,Jordan,diners-club-us-ca,$78043.49,true,Jeep
838,Vernor Matzel,Male,4/26/1997,Portugal,jcb,$59027.34,false,Lincoln
839,Jacobo Lorenzetto,Male,7/19/1988,Indonesia,visa-electron,$7746.60,false,Lexus
840,Kimberley Trehearne,Female,8/4/1993,Micronesia,mastercard,$95875.81,true,Ford
841,Lonnie Feldstern,Male,11/1/1992,United States,americanexpress,$58208.17,true,Chevrolet
842,Filia Carolan,Female,1/21/1984,Armenia,mastercard,$85377.40,false,Chevrolet
843,Jarvis O'Lenechan,Male,11/3/1977,Brazil,china-unionpay,$15312.03,true,Volkswagen
844,Marlo Lissemore,Female,9/13/1976,Afghanistan,jcb,$80591.07,true,Pontiac
845,Annabelle Matterface,Female,4/15/1973,Madagascar,jcb,$4902.56,false,Volkswagen
846,Darbee Kenafaque,Male,5/18/1978,France,visa-electron,$41000.66,false,Mazda
847,Roley Fransoni,Male,2/8/1971,China,diners-club-enroute,$54669.03,true,GMC
848,Henrik Grahlmans,Male,9/11/1992,Senegal,jcb,$30180.40,true,Hyundai
849,Madeline Dufour,Female,12/12/1981,Japan,mastercard,$38339.99,true,Mercury
850,Erroll Boddy,Male,3/2/1984,Laos,jcb,$58641.14,true,Volkswagen
851,Corabella Cuerdale,Female,6/30/1976,China,jcb,$47748.10,true,Mitsubishi
852,Wallie Bossons,Male,7/22/1993,United States,mastercard,$87507.51,false,Mercury
853,Lucinda Breslau,Female,11/16/1986,Argentina,china-unionpay,$3654.83,true,Honda
854,Linus Darte,Male,6/24/1975,Russia,bankcard,$98097.87,true,Subaru
855,Joelie Sempill,Female,8/29/1982,Peru,bankcard,$32608.19,true,Acura
856,Rey Raubenheimer,Female,9/13/1974,Indonesia,maestro,$63109.51,true,Ford
857,Savina Evison,Female,6/23/1978,South Africa,jcb,$89862.57,true,Jeep
858,Peggie Florio,Female,6/11/1992,Indonesia,switch,$47624.16,false,Cadillac
859,Woody Maund,Male,3/30/1971,Iran,jcb,$38471.58,true,Ford
860,Marty Sammon,Male,7/28/1972,Indonesia,switch,$39549.86,false,Chevrolet
861,Marni Pencost,Female,6/16/1986,Indonesia,visa-electron,$81926.10,false,Volkswagen
862,Lynnet Spottswood,Female,5/12/1971,Japan,maestro,$61405.55,false,Nissan
863,Luelle Shildrake,Female,7/2/1987,Costa Rica,americanexpress,$49624.65,false,Hillman
864,Ashley Goldhawk,Male,11/11/1972,Serbia,maestro,$27286.55,false,Mitsubishi
865,Emeline Bosse,Female,12/27/1981,Ukraine,diners-club-enroute,$3761.05,true,Ford
866,Friedrich Witton,Male,7/12/1989,China,jcb,$81721.36,true,Mitsubishi
867,Julie Pischof,Female,2/10/1991,China,diners-club-enroute,$30825.23,false,Chevrolet
868,Hoebart Sharphurst,Male,9/19/1986,China,jcb,$98753.66,true,Pontiac
869,Danita Wilkinson,Female,4/10/1995,United States,jcb,$26987.16,true,Mitsubishi
870,Corbie Cordall,Male,11/14/1986,China,mastercard,$87315.45,true,Land Rover
871,Temp Antunes,Male,9/11/1991,Peru,jcb,$33694.64,false,Honda
872,Fanny Morfield,Female,1/5/1977,Brazil,jcb,$54168.78,false,Lexus
873,Kyle Haugg,Female,2/7/1998,China,jcb,$81545.71,false,Cadillac
874,Rowan Belmont,Male,8/8/1992,China,mastercard,$64801.38,false,Cadillac
875,Timmie Benezeit,Male,3/21/1982,Tanzania,jcb,$61874.19,false,Toyota
876,Sheff Turmall,Male,7/13/1986,Philippines,jcb,$17990.53,false,Mitsubishi
877,Rona Kimblen,Female,1/25/1974,United States,switch,$86185.35,true,Land Rover
878,Arnuad Banishevitz,Male,7/13/1978,Panama,laser,$65211.58,false,Infiniti
879,Alvina Maseres,Female,11/27/2000,Pakistan,jcb,$98557.59,true,Toyota
880,Mohammed Duncanson,Male,7/15/1987,Russia,jcb,$42516.37,false,Ford
881,Nichols McGeorge,Male,8/10/1985,China,diners-club-enroute,$97324.76,false,Chevrolet
882,Jeannette Borgesio,Female,1/12/1998,Philippines,china-unionpay,$53727.83,true,Lincoln
883,Leann Waterson,Female,11/1/1976,Portugal,visa,$72303.79,false,Volkswagen
884,Dyanna McCullough,Female,10/8/1996,Portugal,jcb,$49556.73,true,Pontiac
885,Giavani Davson,Male,6/11/1980,Indonesia,americanexpress,$31723.68,true,Volvo
886,Tucker Picardo,Male,11/22/1977,Ukraine,jcb,$67306.78,true,Cadillac
887,Rose Pancast,Female,9/14/1986,United States,visa-electron,$66440.17,false,Pontiac
888,Carmon Bohlmann,Female,7/12/1979,Portugal,mastercard,$24356.77,true,Volkswagen
889,Leoline Edgeson,Female,8/3/1982,Brazil,china-unionpay,$44682.56,false,Pontiac
890,Atlante Edgington,Female,5/31/1993,Sri Lanka,maestro,$60010.11,false,Subaru
891,Clara Thorouggood,Female,5/12/1972,Pakistan,jcb,$61420.14,false,Land Rover
892,Graehme Orehead,Male,12/25/1986,Ecuador,jcb,$189.68,true,Honda
893,Jolee Dodgson,Female,2/18/1995,Cambodia,maestro,$72654.56,true,Isuzu
894,Orin Deniscke,Male,11/17/1994,Bolivia,jcb,$2000.59,true,Ford
895,Floria Gendricke,Female,7/18/1996,United States,jcb,$83160.56,true,Jeep
896,Otis Grishinov,Male,12/5/1975,Indonesia,jcb,$55795.54,false,Audi
897,Allx Selborne,Female,3/12/1986,Brazil,diners-club-enroute,$74116.87,true,Chevrolet
898,Andy Durno,Female,9/14/1994,China,jcb,$31781.05,false,Buick
899,Nicolais Kochl,Male,10/20/1974,Colombia,diners-club-enroute,$54116.65,true,Bentley
900,Hobey Jelliman,Male,3/2/1972,Portugal,mastercard,$75377.96,true,Infiniti
901,Jasper Wyvill,Male,5/6/1997,Indonesia,americanexpress,$34197.93,false,Pontiac
902,Shurlock Rosbotham,Male,12/3/1990,China,jcb,$85759.45,false,Subaru
903,Carleton Yuille,Male,7/24/2000,Czech Republic,jcb,$91840.33,true,Chevrolet
904,Sebastian Oyley,Male,3/27/1974,Thailand,mastercard,$90977.07,true,Lotus
905,Hamlin Wetter,Male,6/20/1979,Malaysia,jcb,$64714.73,false,BMW
906,Clyde Marunchak,Male,9/11/2000,China,jcb,$8308.24,false,Lotus
907,Dorey Pizer,Male,2/7/1978,China,mastercard,$358.99,true,Audi
908,Ash Azam,Male,2/13/1994,Indonesia,jcb,$93553.16,false,Chevrolet
909,Jecho Habbes,Male,10/29/1976,Venezuela,laser,$67251.37,true,Mazda
910,Kristen Dainton,Female,5/29/1994,France,jcb,$10251.78,true,Smart
911,Artemas Dorber,Male,5/18/1985,Tunisia,mastercard,$7160.73,false,Acura
912,Violetta MacNeely,Female,5/15/1987,Peru,jcb,$51702.50,false,Nissan
913,Carlota Dyter,Female,5/29/1995,Indonesia,jcb,$82462.00,true,Nissan
914,Celestina Sporgeon,Female,2/20/1996,Czech Republic,laser,$89613.86,false,Mitsubishi
915,Willie Doppler,Male,7/28/1989,Ghana,jcb,$82196.81,false,GMC
916,Dahlia Cordeau],Female,4/30/1981,Philippines,mastercard,$27707.04,false,Toyota
917,Blair Hayter,Male,6/21/1980,Canada,jcb,$59664.82,false,Chevrolet
918,Jacquenetta O' Finan,Female,11/10/1983,Peru,jcb,$55206.11,true,Toyota
919,Rozanne Tirrey,Female,10/30/1986,China,diners-club-enroute,$37524.62,true,Dodge
920,Jake Revett,Male,10/29/2000,China,switch,$24319.48,false,Chevrolet
921,Toinette Gawkroge,Female,5/23/1980,China,diners-club-international,$61433.28,true,Honda
922,Feliks Anthoin,Male,10/5/1994,Indonesia,jcb,$62356.15,true,Acura
923,Laird Regnard,Male,8/10/1980,China,diners-club-enroute,$10497.26,true,Volvo
924,Dorri Leafe,Female,10/10/1996,China,jcb,$83994.45,false,Honda
925,Hallsy Howgate,Male,11/11/1998,Indonesia,americanexpress,$75483.20,true,Toyota
926,Hernando De Freyne,Male,8/26/1981,China,maestro,$72365.67,false,Chevrolet
927,Dougie McBryde,Male,12/19/1999,Czech Republic,jcb,$54670.63,false,Ford
928,Olwen Matasov,Female,3/2/1978,Mongolia,diners-club-carte-blanche,$20853.25,false,Mercedes-Benz
929,Melli Rotherham,Female,1/24/1978,Netherlands,jcb,$86803.94,true,Mercedes-Benz
930,Teri Barszczewski,Female,6/5/2000,Greece,mastercard,$52367.19,true,Pontiac
931,Neall Reye,Male,4/9/1985,Philippines,china-unionpay,$79130.15,false,Pontiac
932,Johann Madgett,Male,9/26/1990,Kenya,china-unionpay,$16012.33,true,Subaru
933,Merry Twelve,Male,12/3/1990,China,maestro,$67659.81,true,Chrysler
934,Esme Clissett,Female,2/25/1999,Panama,diners-club-enroute,$29251.74,true,Mitsubishi
935,Cesar Colmore,Male,10/21/1980,Bangladesh,jcb,$33668.47,false,Chevrolet
936,Morie Washtell,Male,5/26/1972,Thailand,solo,$17221.26,true,Chevrolet
937,Halsy Cannon,Male,10/29/1971,Czech Republic,jcb,$71613.39,false,Dodge
938,Linus Swede,Male,1/10/1975,Russia,mastercard,$90297.49,true,Ford
939,Malina Burch,Female,3/11/1976,Honduras,mastercard,$15047.32,false,Ferrari
940,Boone Colgan,Male,2/21/1981,China,visa-electron,$27447.16,false,Chevrolet
941,Jaye Flaunier,Male,1/3/1972,China,jcb,$74320.75,false,Pontiac
942,Cecilius Eadie,Male,8/23/1989,South Korea,jcb,$30948.93,true,Chevrolet
943,Peadar Salthouse,Male,12/29/1990,China,diners-club-enroute,$60906.92,true,BMW
944,Lorianna Renforth,Female,5/15/1991,Russia,china-unionpay,$3722.15,true,Buick
945,Mei Quantrill,Female,5/6/1988,Indonesia,china-unionpay,$51207.50,true,Hyundai
946,Adolf Fausch,Male,5/16/1993,Indonesia,jcb,$9081.22,true,Mitsubishi
947,Osbourn Pullinger,Male,11/12/1978,Indonesia,switch,$85049.63,false,Ford
948,Christoforo Bolliver,Male,11/26/1982,United States,maestro,$22963.06,false,Lexus
949,Latia Lghan,Female,6/30/1998,China,americanexpress,$57211.37,true,Audi
950,Fergus Dwight,Male,4/4/1975,China,mastercard,$6479.52,true,Land Rover
951,Darbee Gettins,Male,9/10/1995,Spain,diners-club-carte-blanche,$88196.18,false,Ford
952,Abel Peppin,Male,2/11/1988,Indonesia,diners-club-carte-blanche,$24904.68,true,Plymouth
953,Theo Potzold,Male,4/17/1976,China,mastercard,$49688.53,false,Dodge
954,Beverley Vauls,Female,5/15/1993,China,jcb,$3386.30,false,Chevrolet
955,Wilburt Thornewell,Male,3/23/1987,Croatia,jcb,$84474.03,true,Toyota
956,Barnaby Klimkiewich,Male,6/6/1975,Indonesia,diners-club-enroute,$89290.15,true,Kia
957,Edgar Kempton,Male,6/29/1996,Kyrgyzstan,china-unionpay,$26654.18,false,Toyota
958,Alvis Cousin,Male,10/6/1979,Indonesia,americanexpress,$76738.34,true,Lincoln
959,Truman Hartlebury,Male,3/20/1981,Portugal,mastercard,$31073.96,false,Porsche
960,Odey Lidell,Male,3/11/1990,China,diners-club-us-ca,$80945.72,true,Nissan
961,Rodolphe MacSweeney,Male,4/14/1985,Finland,jcb,$52407.36,false,Subaru
962,Barby Harbor,Female,6/23/1977,Poland,jcb,$92366.79,true,Nissan
963,Tobie Hadgraft,Male,12/13/1992,Tajikistan,mastercard,$51447.62,true,GMC
964,Cole Ryall,Male,11/15/1981,Portugal,switch,$54744.22,true,Cadillac
965,Linda Bollard,Female,7/4/1982,China,jcb,$27775.46,true,Lincoln
966,Pernell Thomelin,Male,8/10/1983,Russia,americanexpress,$31221.15,true,Ford
967,Ogden Bealing,Male,10/12/1981,Sweden,bankcard,$98292.13,false,Pontiac
968,Eleonore Benedick,Female,10/3/1989,Kyrgyzstan,diners-club-us-ca,$95589.18,false,Volkswagen
969,Kylen Ganniclifft,Female,11/28/1973,Brazil,jcb,$38607.72,false,Acura
970,Marisa Seton,Female,3/7/1976,Russia,jcb,$94468.74,true,Mitsubishi
971,Haven Musson,Male,8/25/1999,China,china-unionpay,$88312.61,true,Buick
972,Happy Stretton,Female,11/1/1998,Poland,diners-club-enroute,$28661.27,false,Nissan
973,Tadd McGarrity,Male,1/23/1994,Czech Republic,mastercard,$55276.93,false,Mercury
974,Karim Tebbe,Male,7/28/1984,France,jcb,$65936.77,true,Ford
975,Sibeal Layhe,Female,10/24/1997,Philippines,jcb,$8853.60,false,Mercedes-Benz
976,Adeline Spitaro,Female,12/26/1980,Indonesia,jcb,$74694.80,true,Ford
977,Moira Kew,Female,10/3/1994,China,china-unionpay,$32265.72,false,Mercedes-Benz
978,Jamison Houlden,Male,10/24/1991,Laos,jcb,$84802.45,true,GMC
